work_year,experience_level,employment_type,job_title,salary_in_usd,company_location,company_size
2023,0,0,0,85847,1,0
2023,1,1,1,30000,2,1
2023,1,1,1,25500,2,1
2023,0,0,2,175000,3,2
2023,0,0,2,120000,3,2
2023,0,0,3,222200,2,0
2023,0,0,3,136000,2,0
2023,0,0,2,219000,3,2
2023,0,0,2,141000,3,2
2023,0,0,2,147100,2,2
2023,0,0,2,90700,2,2
2023,0,0,4,130000,2,2
2023,0,0,4,100000,2,2
2023,2,0,3,213660,2,0
2023,2,0,3,130760,2,0
2023,0,0,5,147100,2,2
2023,0,0,5,90700,2,2
2023,0,0,2,170000,2,2
2023,0,0,2,150000,2,2
2023,1,0,4,150000,2,2
2023,1,0,4,110000,2,2
2023,0,0,6,275000,4,2
2023,0,0,6,174000,4,2
2023,0,0,7,230000,5,2
2023,0,0,7,143200,5,2
2023,0,0,8,225000,2,2
2023,0,0,8,156400,2,2
2023,0,0,9,200000,2,2
2023,0,0,9,130000,2,2
2023,0,0,10,90000,3,2
2023,0,0,10,72000,3,2
2023,0,0,11,253200,2,2
2023,0,0,11,90700,2,2
2023,0,0,12,342810,2,2
2023,0,0,12,184590,2,2
2023,1,0,11,162500,2,2
2023,1,0,11,130000,2,2
2023,1,0,4,105380,2,2
2023,1,0,4,64500,2,2
2023,2,0,13,100000,6,0
2023,2,0,14,30000,6,0
2022,1,0,9,20984,7,0
2023,2,0,3,204620,2,0
2023,2,0,3,110680,2,0
2023,0,0,11,270703,2,2
2023,0,0,11,221484,2,2
2023,0,0,2,212750,2,2
2023,0,0,2,185000,2,2
2023,0,0,2,262000,2,2
2023,0,0,2,245000,2,2
2023,0,0,2,275300,2,2
2023,0,0,2,183500,2,2
2023,0,0,2,218500,2,2
2023,0,0,2,199098,2,2
2023,0,0,11,203300,2,2
2023,0,0,11,123600,2,2
2023,0,0,6,189110,2,2
2023,0,0,6,139000,2,2
2023,3,0,2,258750,2,2
2023,3,0,2,185000,2,2
2023,0,0,11,231500,2,2
2023,0,0,11,166000,2,2
2023,0,0,2,172500,2,2
2023,0,0,2,110500,2,2
2023,0,0,11,238000,2,2
2023,0,0,11,176000,2,2
2023,0,0,11,237000,2,2
2023,0,0,11,201450,2,2
2023,0,0,3,309400,2,0
2023,0,0,3,159100,2,0
2023,0,0,11,115000,2,2
2023,0,0,11,81500,2,2
2023,0,0,2,237000,2,2
2023,0,0,2,201450,2,2
2023,0,0,12,280000,2,2
2023,0,0,12,210000,2,2
2023,0,0,15,280100,2,2
2023,0,0,15,168100,2,2
2023,0,0,11,193500,2,2
2023,0,0,11,139000,2,2
2023,1,0,2,65062,8,0
2023,0,0,9,150000,2,2
2023,1,0,16,69751,4,1
2022,2,0,17,300000,7,0
2023,1,0,9,96578,9,0
2023,0,0,8,185900,2,2
2023,0,0,8,129300,2,2
2023,0,0,11,225000,2,2
2023,0,0,11,175000,2,2
2023,0,0,11,185000,2,2
2023,0,0,11,140000,2,2
2023,0,0,2,48289,1,2
2023,0,0,2,38631,1,2
2023,0,0,2,105000,2,2
2023,0,0,2,70000,2,2
2023,2,0,9,163196,2,2
2023,2,0,9,145885,2,2
2023,0,0,11,217000,2,2
2023,0,0,11,185000,2,2
2023,0,0,4,202800,2,0
2023,0,0,4,104300,2,0
2023,0,0,4,145000,2,2
2023,0,0,4,65000,2,2
2023,0,0,11,165000,2,2
2023,0,0,11,132300,2,2
2023,0,0,11,179170,2,2
2023,0,0,11,94300,2,2
2023,0,0,7,152500,2,2
2023,0,0,7,116450,2,2
2023,0,0,11,247300,2,2
2023,0,0,11,133800,2,2
2023,0,0,6,203000,2,2
2023,0,0,6,133000,2,2
2023,2,0,18,220000,2,0
2022,2,0,9,56536,10,1
2023,0,0,2,150000,2,2
2023,0,0,2,120000,2,2
2023,0,0,7,289800,2,2
2023,0,0,7,214000,2,2
2023,0,0,7,179820,2,2
2023,0,0,7,143860,2,2
2023,0,0,9,283200,2,2
2023,0,0,9,188800,2,2
2023,0,0,7,289800,2,2
2023,0,0,7,214200,2,2
2023,0,0,11,185900,2,2
2023,0,0,11,129300,2,2
2023,0,0,11,252000,2,2
2023,0,0,11,129000,2,2
2023,1,0,19,155000,2,2
2023,1,0,19,140000,2,2
2023,0,0,11,161800,2,2
2023,0,0,11,141600,2,2
2023,0,0,9,342300,2,0
2023,0,0,9,176100,2,0
2023,1,0,11,100000,2,2
2023,1,0,11,70000,2,2
2023,2,0,11,85000,2,2
2023,2,0,11,65000,2,2
2023,0,0,2,138784,2,2
2023,0,0,2,83270,2,2
2023,2,0,4,75000,2,2
2023,2,0,4,70000,2,2
2023,0,0,4,204500,2,2
2023,0,0,4,138900,2,2
2023,0,0,9,318300,2,2
2023,0,0,9,212200,2,2
2023,0,0,11,95000,2,2
2023,0,0,11,75000,2,2
2023,0,0,2,195000,2,2
2023,0,0,2,160000,2,2
2023,0,0,7,230000,2,2
2023,0,0,7,143200,2,2
2023,1,0,11,100000,2,2
2023,1,0,11,70000,2,2
2023,1,0,20,105000,2,0
2023,1,0,21,20670,7,0
2023,1,0,4,46178,5,2
2023,1,0,4,42533,5,2
2023,0,0,11,145000,2,2
2023,0,0,11,115000,2,2
2023,0,0,4,168400,2,2
2023,0,0,4,105200,2,2
2023,0,0,3,309400,2,0
2023,0,0,3,159100,2,0
2023,0,0,9,190000,2,2
2023,0,0,9,150000,2,2
2023,1,0,11,162500,2,2
2023,1,0,11,130000,2,2
2023,0,0,7,150000,2,2
2023,0,0,7,120000,2,2
2023,0,0,11,145000,2,2
2023,0,0,11,120000,2,2
2023,0,0,3,222200,2,0
2023,0,0,3,136000,2,0
2023,0,0,4,54685,11,2
2023,0,0,4,42533,11,2
2023,0,0,11,241000,2,2
2023,0,0,11,155000,2,2
2023,0,0,11,220000,2,2
2023,0,0,11,190000,2,2
2023,1,0,2,66837,5,2
2023,1,0,2,54685,5,2
2020,3,0,22,15000,3,2
2023,1,0,23,85066,5,2
2023,1,0,23,57723,5,2
2023,2,0,4,85000,2,2
2023,2,0,4,75000,2,2
2023,0,0,11,160000,2,2
2023,0,0,11,140000,2,2
2023,1,0,9,300000,2,2
2023,1,0,9,250000,2,2
2023,0,0,2,228000,2,2
2023,0,0,2,186000,2,2
2023,0,0,2,190000,2,2
2023,0,0,2,170000,2,2
2023,1,0,6,230000,2,2
2023,1,0,6,200000,2,2
2023,0,0,15,180000,2,2
2023,0,0,15,115000,2,2
2023,0,0,15,200000,2,2
2023,0,0,15,115000,2,2
2023,0,0,24,53654,12,1
2023,3,0,11,220000,2,2
2023,3,0,11,205000,2,2
2023,1,0,11,180000,2,2
2023,1,0,11,130000,2,2
2023,0,0,11,200000,2,2
2023,0,0,11,150000,2,2
2023,0,0,12,215000,2,2
2023,0,0,12,170000,2,2
2023,0,0,9,247500,2,2
2023,0,0,9,172200,2,2
2023,0,0,2,224000,3,2
2023,0,0,2,176000,3,2
2023,0,0,4,120000,2,2
2023,0,0,4,75000,2,2
2023,2,0,11,17022,7,0
2023,0,0,21,68318,13,2
2023,1,0,17,75020,13,2
2023,0,0,4,140000,2,2
2023,0,0,4,120000,2,2
2023,0,0,11,128000,2,2
2023,0,0,11,81500,2,2
2023,0,0,11,145000,2,2
2023,0,0,11,115000,2,2
2023,0,0,11,185000,2,2
2023,0,0,11,140000,2,2
2023,3,0,25,329500,2,2
2023,3,0,25,269600,2,2
2023,0,0,13,100000,2,2
2023,0,0,13,80000,2,2
2023,0,0,2,250000,2,2
2023,0,0,2,162500,2,2
2023,1,0,17,200000,2,2
2023,0,0,11,145000,2,2
2023,0,0,11,100000,2,2
2023,3,0,11,145000,2,2
2023,3,0,11,115000,2,2
2023,0,0,2,203500,2,2
2023,0,0,2,152000,2,2
2023,0,0,2,239000,2,0
2023,0,0,2,122900,2,0
2023,0,0,2,237000,2,2
2023,0,0,2,145000,2,2
2023,0,0,26,191765,2,2
2023,0,0,26,134236,2,2
2023,0,0,7,190000,2,2
2023,0,0,7,112000,2,2
2022,0,0,2,88256,5,0
2023,2,0,11,85000,2,2
2023,2,0,11,65000,2,2
2023,0,0,4,135000,2,2
2023,0,0,4,105500,2,2
2023,0,0,6,293000,2,2
2023,0,0,6,185000,2,2
2023,0,0,4,80000,2,2
2023,0,0,4,70000,2,2
2023,0,0,11,220000,2,2
2023,0,0,11,160000,2,2
2023,0,0,2,175000,2,2
2023,0,0,2,145000,2,2
2023,0,0,4,200000,2,2
2023,0,0,4,148500,2,2
2023,0,0,2,48289,1,2
2023,0,0,2,38631,1,2
2023,0,0,11,240500,2,0
2023,0,0,11,123700,2,0
2023,0,0,7,152900,2,2
2023,0,0,7,117100,2,2
2023,0,0,7,173000,2,2
2023,0,0,7,113000,2,2
2023,0,0,3,260000,2,0
2023,0,0,3,136000,2,0
2023,3,0,11,175000,2,2
2023,3,0,11,110000,2,2
2023,0,0,3,260000,2,0
2023,0,0,3,136000,2,0
2023,0,0,18,130000,2,2
2023,0,0,18,110000,2,2
2023,0,0,3,205000,2,2
2023,0,0,3,184000,2,2
2023,0,0,4,149500,2,2
2023,0,0,4,127075,2,2
2023,0,0,2,195000,2,2
2023,0,0,2,160000,2,2
2023,0,0,11,219535,2,2
2023,0,0,11,146115,2,2
2023,0,0,2,170000,2,2
2023,0,0,2,135000,2,2
2023,0,0,2,175000,2,2
2023,0,0,2,145000,2,2
2023,0,0,2,199000,2,2
2023,0,0,2,162000,2,2
2023,0,0,3,222200,2,0
2023,0,0,3,136000,2,0
2023,3,0,7,221000,2,2
2023,3,0,7,153000,2,2
2023,0,0,4,187000,2,2
2023,0,0,4,128000,2,2
2023,0,0,18,210000,2,2
2023,0,0,18,136000,2,2
2023,0,0,2,175000,2,2
2023,0,0,2,100000,2,2
2023,0,0,11,179000,2,2
2023,0,0,11,109000,2,2
2023,0,0,2,245000,2,2
2023,0,0,2,180000,2,2
2023,0,0,4,142000,2,2
2023,0,0,4,75000,2,2
2023,0,0,27,198800,2,2
2023,0,0,27,105200,2,2
2023,0,0,4,125000,2,2
2023,0,0,4,112000,2,2
2023,0,0,2,210000,2,2
2023,0,0,2,155000,2,2
2023,0,0,27,115000,2,2
2023,0,0,27,86000,2,2
2023,0,0,2,165000,2,2
2023,0,0,2,140000,2,2
2023,0,0,4,139000,2,2
2023,0,0,4,106000,2,2
2023,2,0,4,40663,3,0
2022,0,0,17,275000,3,1
2023,0,2,28,50000,14,1
2023,1,0,9,280700,2,2
2023,1,0,9,150450,2,2
2023,2,0,2,51753,3,0
2023,0,0,15,250500,2,2
2023,0,0,15,159500,2,2
2023,0,0,11,145000,2,2
2023,0,0,11,115000,2,2
2023,0,0,4,140000,2,2
2023,0,0,4,120000,2,2
2023,2,0,2,130001,2,2
2023,2,0,2,71907,2,2
2023,1,0,2,93918,2,2
2023,1,0,2,51962,2,2
2023,0,0,4,175000,3,2
2023,0,0,4,135000,3,2
2023,2,0,11,85000,2,2
2023,2,0,11,65000,2,2
2023,0,0,9,257000,2,2
2023,0,0,9,147000,2,2
2023,0,0,11,222000,2,2
2023,0,0,11,175000,2,2
2023,0,0,2,203000,2,2
2023,0,0,2,133200,2,2
2023,2,0,3,213660,2,0
2023,2,0,3,130760,2,0
2023,0,0,11,221000,2,2
2023,0,0,11,147000,2,2
2023,0,0,13,100000,2,2
2023,0,0,13,80000,2,2
2023,0,0,2,185900,2,2
2023,0,0,2,129300,2,2
2023,0,0,2,238000,2,2
2023,0,0,2,156000,2,2
2023,0,0,9,304000,2,2
2023,0,0,9,199000,2,2
2023,1,0,29,48289,1,2
2023,0,0,11,150000,2,2
2023,0,0,11,130000,2,2
2023,0,0,2,140000,2,2
2023,0,0,2,110000,2,2
2023,1,0,4,90000,2,2
2023,1,0,4,75000,2,2
2023,1,0,18,195895,5,2
2023,1,0,18,102772,5,2
2023,0,0,11,240000,2,2
2023,0,0,11,183600,2,2
2023,1,0,30,130000,2,2
2023,1,0,30,80000,2,2
2023,0,0,11,250000,2,2
2023,0,0,11,150000,2,2
2023,0,0,19,160000,2,2
2023,0,0,19,120000,2,2
2023,0,0,9,289076,2,2
2023,0,0,9,202353,2,2
2023,0,0,11,145000,2,2
2023,0,0,11,120000,2,2
2023,0,0,4,155000,2,2
2023,0,0,4,106000,2,2
2023,0,0,11,200000,2,2
2023,0,0,11,160000,2,2
2023,0,0,2,157750,2,2
2023,0,0,2,104650,2,2
2023,1,0,2,180000,2,2
2023,1,0,2,140000,2,2
2023,3,0,2,200000,2,2
2023,3,0,2,145000,2,2
2023,1,0,31,68000,2,0
2023,2,0,32,60000,2,2
2023,0,0,2,48289,1,2
2023,0,0,2,38631,1,2
2023,2,0,11,85000,2,2
2023,2,0,11,65000,2,2
2023,1,0,11,125000,2,2
2023,1,0,11,90000,2,2
2023,0,0,4,105000,2,2
2023,0,0,4,90000,2,2
2023,0,0,7,179820,2,2
2023,0,0,7,143860,2,2
2023,0,0,4,135000,2,2
2023,0,0,4,105500,2,2
2023,2,0,6,155000,2,2
2023,2,0,6,125000,2,2
2023,0,0,9,241000,2,2
2023,0,0,9,181000,2,2
2023,0,0,2,252000,2,2
2023,0,0,2,154000,2,2
2023,3,0,15,180000,2,2
2023,3,0,15,155000,2,2
2023,0,0,2,191765,2,2
2023,0,0,2,134236,2,2
2023,0,0,2,175000,2,2
2023,0,0,2,145000,2,2
2023,0,0,2,237000,2,2
2023,0,0,2,145000,2,2
2023,2,0,6,155000,2,2
2023,2,0,6,125000,2,2
2023,0,0,4,80000,2,2
2023,0,0,4,70000,2,2
2023,0,0,11,146000,2,2
2023,0,0,11,75000,2,2
2023,2,0,4,64200,2,2
2023,2,0,4,56100,2,2
2023,0,0,9,170000,2,2
2023,0,0,9,130000,2,2
2023,0,0,4,208450,2,2
2023,0,0,4,170550,2,2
2023,0,0,9,125000,2,2
2023,0,0,9,100000,2,2
2023,1,0,27,135000,2,2
2023,1,0,27,120000,2,2
2023,0,0,2,200000,2,2
2023,0,0,2,170000,2,2
2023,0,0,2,171250,15,2
2023,0,0,2,113750,15,2
2023,0,0,3,222200,2,0
2023,0,0,3,136000,2,0
2023,0,0,3,260000,2,0
2023,0,0,3,136000,2,0
2023,0,0,4,153600,2,2
2023,0,0,4,100500,2,2
2023,0,0,3,205000,2,2
2023,0,0,3,184000,2,2
2023,0,0,9,115000,3,2
2023,0,0,9,95000,3,2
2023,1,0,4,182500,2,2
2023,1,0,4,121500,2,2
2023,0,0,11,203100,2,2
2023,0,0,11,114500,2,2
2023,1,0,4,72914,5,2
2023,1,0,4,54685,5,2
2023,0,0,11,252000,2,2
2023,0,0,11,129000,2,2
2023,2,0,11,92700,2,2
2023,2,0,11,61800,2,2
2023,0,0,11,160000,2,2
2023,0,0,11,130000,2,2
2023,0,0,2,258000,3,2
2023,0,0,2,190000,3,2
2023,0,0,2,170000,2,2
2023,0,0,2,135000,2,2
2023,1,0,15,167500,2,2
2023,1,0,15,106500,2,2
2023,0,0,2,195000,2,2
2023,0,0,2,160000,2,2
2023,1,0,11,146000,2,2
2023,1,0,11,75000,2,2
2022,2,0,11,59888,9,0
2023,3,0,11,286000,2,2
2023,3,0,11,207000,2,2
2023,0,0,4,100000,2,2
2023,0,0,4,80000,2,2
2023,0,0,11,223250,2,2
2023,0,0,11,178600,2,2
2023,3,0,33,353200,2,2
2023,3,0,33,249300,2,2
2023,1,0,34,230000,2,2
2023,1,0,34,220000,2,2
2023,0,0,2,297300,2,2
2023,0,0,2,198200,2,2
2023,1,0,18,210000,2,2
2023,1,0,18,151800,2,2
2023,0,0,2,200000,2,2
2023,0,0,2,170000,2,2
2023,0,0,2,317070,2,2
2023,0,0,2,170730,2,2
2023,0,0,11,128000,2,2
2023,0,0,11,81500,2,2
2023,2,0,20,21461,1,2
2023,0,0,17,108000,14,2
2023,0,0,17,60000,14,2
2023,1,0,35,134000,2,2
2023,1,0,35,124000,2,2
2023,0,0,11,171250,2,2
2023,0,0,11,113750,2,2
2023,0,0,11,165000,2,2
2023,0,0,11,132300,2,2
2023,0,0,2,225000,2,2
2023,0,0,2,175000,2,2
2023,0,0,11,230000,2,2
2023,0,0,11,124500,2,2
2023,0,0,9,247500,2,2
2023,0,0,9,172200,2,2
2023,0,0,4,175000,2,2
2023,0,0,4,145000,2,2
2023,0,0,4,148700,2,2
2023,0,0,4,125600,2,2
2023,0,0,11,145000,2,2
2023,0,0,11,115000,2,2
2023,0,0,18,200000,2,2
2023,0,0,18,150000,2,2
2023,2,0,6,160000,2,2
2023,2,0,6,120000,2,2
2023,0,0,4,185000,2,2
2023,0,0,4,120250,2,2
2023,0,0,2,275300,2,2
2023,0,0,2,183000,2,2
2023,0,0,15,170000,2,2
2023,0,0,15,125000,2,2
2023,1,0,15,167500,2,2
2023,1,0,15,106500,2,2
2023,0,0,18,250000,2,2
2023,0,0,18,200000,2,2
2023,1,0,9,135000,2,0
2023,0,0,36,423834,16,0
2023,0,0,9,216000,2,2
2023,0,0,9,184000,2,2
2023,0,0,11,180000,2,2
2023,0,0,11,165000,2,2
2023,0,0,2,185900,2,2
2023,0,0,2,129300,2,2
2023,0,0,11,145000,2,2
2023,0,0,11,120000,2,2
2023,1,0,11,143865,2,2
2023,1,0,11,115092,2,2
2023,1,0,9,130000,2,2
2023,1,0,9,90000,2,2
2023,0,0,2,173000,2,2
2023,0,0,2,132000,2,2
2023,0,0,4,208049,2,2
2023,0,0,4,128500,2,2
2023,0,0,7,179820,2,2
2023,0,0,7,143860,2,2
2023,0,0,11,167500,2,2
2023,0,0,11,106500,2,2
2023,0,0,2,275300,2,2
2023,0,0,2,183500,2,2
2023,1,0,11,149600,2,2
2023,1,0,11,102000,2,2
2023,3,0,2,145000,2,2
2023,3,0,2,100000,2,2
2023,0,0,4,190000,2,2
2023,0,0,4,95000,2,2
2023,0,0,4,153600,2,2
2023,0,0,4,106800,2,2
2023,1,0,2,96578,15,2
2023,1,0,2,80481,15,2
2023,1,0,4,128000,2,2
2023,1,0,4,85000,2,2
2023,1,0,11,151000,2,2
2023,1,0,11,140000,2,2
2023,0,0,2,275300,2,2
2023,0,0,2,183500,2,2
2023,0,0,34,220000,2,2
2023,0,0,34,170000,2,2
2023,0,0,4,135000,2,2
2023,0,0,4,105500,2,2
2023,0,0,4,100000,2,2
2023,0,0,4,80000,2,2
2023,2,0,37,7000,17,1
2023,2,0,38,42923,4,2
2023,0,0,11,160000,3,2
2023,0,0,11,145000,3,2
2023,1,0,4,154000,2,2
2023,1,0,4,143000,2,2
2023,1,0,2,78990,5,2
2023,1,0,2,51039,5,2
2023,2,0,2,190000,2,2
2023,2,0,2,120000,2,2
2023,1,0,2,85066,5,2
2023,1,0,2,51039,5,2
2023,1,0,2,109371,5,2
2023,1,0,2,72914,5,2
2023,0,0,11,150000,2,2
2023,0,0,11,111000,2,2
2023,3,0,11,265000,2,2
2023,3,0,11,235000,2,2
2023,2,0,2,121093,10,0
2022,1,0,2,73546,4,2
2023,0,0,11,160000,2,2
2023,0,0,11,130000,2,2
2023,1,0,11,75000,2,2
2023,1,0,11,60400,2,2
2023,2,0,4,85000,2,2
2023,2,0,4,75000,2,2
2023,0,0,11,252000,2,2
2023,0,0,11,129000,2,2
2023,2,0,11,92700,2,2
2023,2,0,11,61800,2,2
2022,0,0,39,172309,15,0
2023,1,0,2,60093,4,2
2023,1,0,4,83500,2,2
2023,1,0,4,52500,2,2
2023,0,0,2,201036,2,2
2023,0,0,2,134024,2,2
2023,0,0,4,165000,2,2
2023,0,0,4,140000,2,2
2023,2,0,11,62000,2,2
2023,2,0,11,58000,2,2
2023,0,0,2,172000,2,2
2023,0,0,2,115000,2,2
2023,2,0,11,125000,2,2
2023,2,0,11,90000,2,2
2023,0,0,11,163800,2,2
2023,0,0,11,126000,2,2
2023,0,0,2,237000,2,2
2023,0,0,2,145000,2,2
2023,1,0,11,90000,2,2
2023,1,0,11,90000,2,2
2023,0,0,11,139500,2,2
2023,0,0,11,109400,2,2
2023,0,0,2,258000,3,2
2023,0,0,2,190000,3,2
2023,1,0,11,145000,2,2
2023,1,0,11,120000,2,2
2023,0,0,11,205600,2,0
2023,0,0,11,105700,2,0
2023,0,0,11,252000,2,2
2023,0,0,11,129000,2,2
2023,0,0,2,239748,2,2
2023,0,0,2,159832,2,2
2023,0,0,2,186300,2,2
2023,0,0,2,102500,2,2
2023,0,0,11,165000,2,2
2023,0,0,11,132300,2,2
2023,0,0,2,190000,2,2
2023,0,0,2,126000,2,2
2023,0,0,15,149040,2,2
2023,0,0,15,113900,2,2
2023,0,0,11,153600,2,2
2023,0,0,11,106800,2,2
2023,0,0,11,172600,2,2
2023,0,0,11,107900,2,2
2023,0,0,4,180180,2,2
2023,0,0,4,106020,2,2
2023,0,0,15,376080,2,2
2023,0,0,15,213120,2,2
2023,0,0,4,153600,2,2
2023,0,0,4,100500,2,2
2023,0,0,4,206500,2,2
2023,0,0,4,121600,2,2
2023,0,0,11,260000,2,2
2023,0,0,11,225000,2,2
2023,3,0,11,194500,2,2
2023,3,0,11,115500,2,2
2023,0,0,40,170000,2,0
2023,0,0,38,90000,2,0
2023,2,0,4,95000,2,2
2023,2,0,4,70000,2,2
2023,0,0,11,275000,2,2
2023,0,0,11,160000,2,2
2023,0,0,4,115934,2,2
2023,0,0,4,81666,2,2
2023,0,0,2,175000,2,2
2023,0,0,2,120000,2,2
2023,0,0,9,150000,2,2
2023,0,0,9,120000,2,2
2023,0,0,6,200000,2,2
2023,0,0,6,175000,2,2
2023,1,0,4,206000,2,2
2023,1,0,4,130000,2,2
2023,0,0,15,138000,5,2
2023,0,0,15,92000,5,2
2023,0,0,27,65000,18,2
2023,0,0,27,48000,18,2
2023,0,0,4,110000,2,2
2023,0,0,4,75000,2,2
2023,0,0,7,130000,2,2
2023,0,0,7,87000,2,2
2023,1,0,4,160000,2,2
2023,1,0,4,112000,2,2
2023,1,0,11,162500,2,2
2023,1,0,11,130000,2,2
2023,0,0,26,299500,2,2
2023,0,0,26,245100,2,2
2023,1,0,2,145000,2,2
2023,1,0,2,100000,2,2
2023,0,0,11,147100,2,2
2023,0,0,11,90700,2,2
2023,2,0,11,115100,2,2
2023,2,0,11,73900,2,2
2023,0,0,11,168400,2,2
2023,0,0,11,105200,2,2
2023,0,0,2,210000,2,2
2023,0,0,2,160000,2,2
2023,1,0,2,145000,2,2
2023,1,0,2,100000,2,2
2023,0,0,3,222200,2,0
2023,0,0,3,136000,2,0
2023,1,0,4,100000,2,2
2023,1,0,4,85000,2,2
2023,1,0,11,85066,5,2
2023,1,0,11,57723,5,2
2023,3,0,2,200000,2,2
2023,3,0,2,145000,2,2
2023,1,0,11,140000,2,2
2023,1,0,11,95000,2,2
2023,0,0,4,185000,2,2
2023,0,0,4,120250,2,2
2023,1,0,41,130000,2,0
2023,0,0,2,205000,2,2
2023,0,0,2,140000,2,2
2023,0,0,2,297300,2,2
2023,0,0,2,198200,2,2
2023,0,0,18,141288,2,2
2023,0,0,18,94192,2,2
2023,0,0,42,184000,2,2
2023,0,0,42,143000,2,2
2023,0,0,4,70000,2,2
2023,0,0,4,55000,2,2
2023,0,0,7,275300,2,2
2023,0,0,7,183500,2,2
2023,1,0,4,75000,2,2
2023,1,0,4,65000,2,2
2023,1,0,1,160000,2,2
2023,1,0,1,147000,2,2
2023,0,0,15,149040,2,2
2023,0,0,15,113900,2,2
2023,1,0,43,75020,19,0
2023,0,0,4,180180,2,2
2023,0,0,4,106020,2,2
2023,1,0,2,17022,7,0
2023,2,0,44,70000,20,0
2023,2,0,17,80000,21,2
2023,1,0,31,18238,7,0
2023,1,0,9,250000,2,2
2023,1,0,9,150000,2,2
2023,0,0,11,139500,2,2
2023,0,0,11,109400,2,2
2023,0,0,2,105000,2,2
2023,0,0,2,70000,2,2
2023,3,0,11,210914,2,2
2023,3,0,11,116704,2,2
2023,2,0,18,150000,2,2
2023,2,0,18,100000,2,2
2023,0,0,11,146000,2,2
2023,0,0,11,75000,2,2
2023,2,0,4,75000,2,2
2023,2,0,4,60000,2,2
2023,1,0,7,185700,2,2
2023,1,0,7,165000,2,2
2023,0,0,11,160000,2,2
2023,0,0,11,130000,2,2
2023,0,0,4,169000,2,2
2023,0,0,4,110600,2,2
2023,0,0,45,193000,2,2
2023,0,0,45,136850,2,2
2023,0,0,9,139500,2,2
2023,0,0,9,109400,2,2
2023,0,0,11,276000,2,2
2023,0,0,11,178500,2,2
2023,1,0,2,59020,1,2
2023,1,0,2,48289,1,2
2023,1,0,11,75116,22,2
2023,1,0,11,48289,22,2
2023,0,0,9,195652,5,2
2023,0,0,9,101228,5,2
2023,0,0,11,136956,5,2
2023,0,0,11,101228,5,2
2023,0,0,11,252000,2,2
2023,0,0,11,129000,2,2
2022,0,0,46,130000,2,0
2021,1,0,47,150000,2,2
2023,0,0,11,163800,2,2
2023,0,0,11,126000,2,2
2023,0,0,1,260000,3,2
2023,0,0,1,110000,3,2
2023,0,0,7,170000,2,2
2023,0,0,7,130000,2,2
2023,0,0,9,247500,2,2
2023,0,0,9,172200,2,2
2023,0,0,2,239748,2,2
2023,0,0,2,159832,2,2
2023,0,0,9,163800,2,2
2023,0,0,9,126000,2,2
2023,1,0,2,128750,2,2
2023,1,0,2,106250,2,2
2023,0,0,11,252000,2,2
2023,0,0,11,129000,2,2
2023,0,0,26,299500,2,2
2023,0,0,26,245100,2,2
2023,1,0,19,155000,2,2
2023,1,0,19,140000,2,2
2023,3,0,11,167500,2,2
2023,3,0,11,106500,2,2
2023,0,0,15,188500,2,2
2023,0,0,15,117000,2,2
2023,0,0,4,250000,2,2
2023,0,0,4,138000,2,2
2023,1,0,4,130000,3,2
2023,1,0,4,100000,3,2
2023,0,0,48,123405,4,0
2023,0,0,11,140000,2,2
2023,0,0,11,120000,2,2
2023,0,0,49,160000,2,2
2023,0,0,49,135000,2,2
2023,1,0,26,104500,2,2
2023,1,0,26,70000,2,2
2023,1,0,50,90000,2,2
2023,1,0,50,70000,2,2
2023,0,0,11,153600,2,2
2023,0,0,11,106800,2,2
2023,2,0,11,125000,2,2
2023,2,0,11,90000,2,2
2023,1,0,18,185000,2,2
2023,1,0,18,125000,2,2
2023,0,0,4,127000,2,2
2023,0,0,4,94000,2,2
2023,0,0,2,210550,2,2
2023,0,0,2,153300,2,2
2023,1,0,2,200000,2,2
2023,1,0,2,150000,2,2
2023,0,0,4,161500,2,2
2023,0,0,4,119500,2,2
2023,0,0,4,175000,2,2
2023,0,0,4,145000,2,2
2023,0,0,2,175000,2,2
2023,0,0,2,148750,2,2
2023,0,0,51,105000,2,2
2023,0,0,51,85000,2,2
2023,0,0,18,215000,2,2
2023,0,0,18,146300,2,2
2023,2,0,17,214618,4,0
2023,1,0,11,72000,23,2
2023,1,0,11,60000,23,2
2023,0,0,9,153400,2,2
2023,0,0,9,122700,2,2
2023,1,0,11,260000,2,2
2023,1,0,11,175000,2,2
2023,0,0,2,186300,2,2
2023,0,0,2,123900,2,2
2023,1,0,18,340000,2,2
2023,1,0,18,150000,2,2
2023,0,0,9,153400,2,2
2023,0,0,9,122700,2,2
2023,1,0,11,250000,2,2
2023,1,0,11,175000,2,2
2023,1,0,2,64385,12,2
2023,0,0,4,185900,2,2
2023,0,0,4,121700,2,2
2023,0,0,4,153600,2,2
2023,0,0,4,106800,2,2
2023,0,2,43,50000,20,2
2023,2,0,4,100000,2,0
2023,0,0,9,247500,2,2
2023,0,0,9,172200,2,2
2023,3,0,11,310000,2,2
2023,3,0,11,239000,2,2
2023,0,0,4,125000,2,2
2023,0,0,4,110000,2,2
2023,2,0,4,150000,2,2
2023,2,0,4,100000,2,2
2023,0,0,2,149076,2,2
2023,0,0,2,82365,2,2
2023,1,0,11,146000,2,2
2023,1,0,11,75000,2,2
2023,0,0,9,139500,2,2
2023,0,0,9,109400,2,2
2023,0,0,11,139500,2,2
2023,0,0,11,109400,2,2
2023,1,0,11,149600,2,2
2023,1,0,11,102000,2,2
2023,1,0,4,97218,5,2
2023,1,0,4,48609,5,2
2023,0,0,11,252000,2,2
2023,0,0,11,129000,2,2
2023,0,0,4,95000,2,2
2023,0,0,4,85500,2,2
2023,0,0,4,185900,2,2
2023,0,0,4,121700,2,2
2023,2,0,18,150000,2,2
2023,2,0,18,100000,2,2
2023,1,0,11,145000,2,2
2023,1,0,11,125000,2,2
2023,1,0,2,150000,2,2
2023,1,0,2,97750,2,2
2023,0,0,2,201000,2,2
2023,0,0,2,122000,2,2
2023,0,0,11,252000,2,2
2023,0,0,11,129000,2,2
2023,0,0,4,120000,2,2
2023,0,0,4,75000,2,2
2023,1,0,2,116990,2,2
2023,1,0,2,82920,2,2
2023,0,0,2,185900,2,2
2023,0,0,2,129300,2,2
2023,1,0,34,200000,2,1
2023,1,0,34,125000,2,1
2023,0,0,2,201000,2,2
2023,0,0,2,122000,2,2
2023,0,0,9,204500,2,2
2023,0,0,9,142200,2,2
2023,0,0,27,155000,2,2
2023,0,0,27,140000,2,2
2023,1,0,52,205920,2,2
2023,1,0,52,171600,2,2
2023,0,0,11,121500,2,2
2023,0,0,11,78000,2,2
2023,1,0,11,154000,2,2
2023,1,0,11,116000,2,2
2023,0,0,2,190000,2,2
2023,0,0,2,136000,2,2
2023,1,0,4,78990,5,2
2023,1,0,4,43809,5,2
2023,0,0,4,180000,2,2
2023,0,0,4,110000,2,2
2023,0,0,2,275300,2,2
2023,0,0,2,183000,2,2
2023,0,0,11,170000,2,2
2023,0,0,11,140000,2,2
2023,0,0,11,154000,2,2
2023,0,0,11,116000,2,2
2023,0,0,11,160000,2,2
2023,0,0,11,130000,2,2
2023,1,0,11,200000,2,2
2023,1,0,11,120000,2,2
2023,0,0,2,175000,2,2
2023,0,0,2,160000,2,2
2023,1,0,11,127599,5,2
2023,1,0,11,103294,5,2
2023,0,0,11,153600,2,2
2023,0,0,11,106800,2,2
2023,2,0,4,85000,2,2
2023,2,0,4,75000,2,2
2023,0,0,2,225000,2,2
2023,0,0,2,156400,2,2
2023,0,0,7,150000,2,2
2023,0,0,7,120000,2,2
2023,0,0,9,163800,2,2
2023,0,0,9,126000,2,2
2023,0,0,4,145000,2,2
2023,0,0,4,90000,2,2
2023,0,0,9,204500,2,2
2023,0,0,9,142200,2,2
2023,0,0,4,95000,2,2
2023,0,0,4,85500,2,2
2023,0,0,11,167500,2,2
2023,0,0,11,106500,2,2
2023,0,0,11,163800,2,2
2023,0,0,11,126000,2,2
2023,1,0,19,155000,2,2
2023,1,0,19,140000,2,2
2023,0,0,18,250000,2,2
2023,0,0,18,200000,2,2
2023,0,0,2,260000,2,2
2023,0,0,2,186000,2,2
2023,0,0,11,160000,2,2
2023,0,0,11,130000,2,2
2023,0,0,18,200000,2,2
2023,0,0,18,150000,2,2
2023,0,0,2,48289,1,2
2023,0,0,2,38631,1,2
2023,0,0,2,150000,2,2
2023,0,0,2,120000,2,2
2023,2,0,4,30000,7,2
2023,1,0,18,185000,2,2
2023,1,0,18,125000,2,2
2022,2,3,4,34320,2,1
2022,1,0,20,9289,24,2
2023,0,0,25,75116,25,0
2022,3,0,26,106000,26,0
2023,0,0,4,175000,2,2
2023,0,0,4,130000,2,2
2023,0,0,4,122000,2,2
2023,0,0,4,93800,2,2
2023,0,0,26,150000,23,2
2023,0,0,26,90000,23,2
2023,0,0,4,165000,2,2
2023,0,0,4,112000,2,2
2023,2,0,12,220000,2,2
2023,0,0,53,71897,4,2
2023,2,0,17,64385,4,2
2023,0,0,9,204500,2,2
2023,0,0,9,142200,2,2
2023,0,0,4,15806,7,1
2023,1,0,9,200000,2,2
2023,1,0,9,175000,2,2
2023,0,0,11,185900,2,2
2023,0,0,11,129300,2,2
2023,0,0,4,185900,2,2
2023,0,0,4,121700,2,2
2023,0,0,9,204500,2,2
2023,0,0,9,142200,2,2
2023,1,0,2,40000,12,0
2023,0,0,50,29453,27,2
2023,0,0,4,180180,2,2
2023,0,0,4,106020,2,2
2023,0,0,2,136000,2,2
2023,0,0,2,104000,2,2
2023,0,0,4,125000,2,2
2023,0,0,4,110000,2,2
2023,0,0,9,153400,2,2
2023,0,0,9,122700,2,2
2023,3,0,11,310000,2,2
2023,3,0,11,239000,2,2
2023,0,0,4,152380,2,2
2023,0,0,4,121904,2,2
2023,0,0,2,185900,2,2
2023,0,0,2,129300,2,2
2023,0,0,9,247500,2,2
2023,0,0,9,172200,2,2
2023,0,0,15,168400,2,2
2023,0,0,15,105200,2,2
2023,0,0,9,128280,2,2
2023,0,0,9,106900,2,2
2022,0,0,39,192000,2,0
2023,1,0,11,140000,2,2
2023,1,0,11,100000,2,2
2023,0,0,6,107309,4,1
2023,0,0,6,85847,4,1
2023,0,0,9,275000,4,2
2023,0,0,9,174000,4,2
2023,0,0,11,139500,2,2
2023,0,0,11,109400,2,2
2023,0,0,9,139500,2,2
2023,0,0,9,109400,2,2
2023,0,0,4,170500,2,2
2023,0,0,4,85000,2,2
2023,0,0,27,72946,5,2
2023,0,0,27,54365,5,2
2023,3,0,54,160288,5,2
2023,3,0,54,127467,5,2
2023,0,0,11,80000,2,2
2023,0,0,11,65000,2,2
2023,0,0,11,124740,2,2
2023,0,0,11,65488,2,2
2023,0,0,13,72200,2,2
2023,0,0,13,64980,2,2
2023,0,0,11,153600,2,2
2023,0,0,11,106800,2,2
2023,0,0,4,179975,2,2
2023,0,0,4,86466,2,2
2023,0,0,11,120000,2,2
2023,0,0,11,90000,2,2
2023,1,0,55,51039,5,2
2023,1,0,55,42533,5,2
2023,0,0,2,149076,2,2
2023,0,0,2,82365,2,2
2023,0,0,4,169000,2,2
2023,0,0,4,110600,2,2
2023,0,0,26,175000,2,2
2023,0,0,26,120000,2,2
2023,0,0,4,230000,2,2
2023,0,0,4,180000,2,2
2023,0,0,4,153600,2,2
2023,0,0,4,106800,2,2
2023,0,0,27,140000,2,2
2023,0,0,27,120000,2,2
2023,0,0,52,205920,2,2
2023,0,0,52,171600,2,2
2023,0,0,4,165000,2,2
2023,0,0,4,125000,2,2
2023,0,0,11,265000,2,2
2023,0,0,11,185000,2,2
2023,1,0,16,130000,2,2
2022,2,0,2,168000,2,2
2023,1,0,36,38631,1,0
2023,0,0,4,95000,2,2
2023,0,0,4,85500,2,2
2023,0,0,2,147100,2,2
2023,0,0,2,90700,2,2
2023,0,0,11,167580,2,2
2023,0,0,11,87980,2,2
2023,0,0,11,202000,2,2
2023,0,0,11,135000,2,2
2023,0,0,11,163800,2,2
2023,0,0,11,126000,2,2
2023,0,0,9,163800,2,2
2023,0,0,9,126000,2,2
2023,0,0,11,104000,2,2
2023,0,0,11,65000,2,2
2023,0,0,6,230000,2,2
2023,0,0,6,148000,2,2
2023,0,0,9,269000,3,2
2023,0,0,9,158000,3,2
2023,0,0,7,197000,2,2
2023,0,0,7,106000,2,2
2023,1,0,56,150000,2,2
2023,1,0,56,100000,2,2
2023,0,0,11,290000,2,2
2023,0,0,11,210000,2,2
2023,0,0,11,192000,2,2
2023,0,0,11,172800,2,2
2023,0,0,2,300240,2,2
2023,0,0,2,200160,2,2
2023,0,0,2,300240,2,2
2023,0,0,2,200160,2,2
2023,0,0,7,175000,2,2
2023,0,0,7,140000,2,2
2023,0,0,27,169000,2,2
2023,0,0,27,100000,2,2
2023,0,0,2,370000,2,2
2023,0,0,2,245000,2,2
2023,1,0,11,115447,5,0
2023,0,0,4,110000,2,1
2023,0,0,4,80000,2,1
2023,2,0,4,55000,2,2
2023,2,0,4,48000,2,2
2023,0,0,4,95000,2,2
2023,0,0,4,85000,2,2
2023,0,0,11,137500,2,2
2023,0,0,11,81500,2,2
2023,0,0,9,323300,2,2
2023,0,0,9,184700,2,2
2021,1,0,36,30000,17,1
2023,0,0,9,186000,2,2
2023,0,0,9,153088,2,2
2023,1,0,42,190000,2,2
2023,1,0,42,160000,2,2
2023,0,0,9,200000,2,2
2023,0,0,9,150000,2,2
2023,1,0,42,190000,2,2
2023,1,0,42,183310,2,2
2023,0,0,9,240000,2,2
2023,0,0,9,180000,2,2
2023,0,0,9,200000,2,2
2023,0,0,9,150000,2,2
2023,0,0,26,299500,2,2
2023,0,0,26,245100,2,2
2023,0,0,11,144000,2,2
2023,0,0,11,66000,2,2
2023,1,0,9,148500,2,2
2023,1,0,9,126277,2,2
2023,0,0,15,228000,2,2
2023,0,0,15,120000,2,2
2023,0,0,57,180000,2,2
2023,0,0,57,90000,2,2
2023,0,0,2,126500,2,2
2023,0,0,2,78000,2,2
2023,0,0,11,180000,2,2
2023,0,0,11,160000,2,2
2023,0,0,57,272000,2,2
2023,0,0,57,170000,2,2
2023,1,0,4,80000,2,2
2023,1,0,4,60000,2,2
2023,0,0,11,259000,2,2
2023,0,0,11,146000,2,2
2023,0,0,11,200000,2,2
2023,0,0,11,160000,2,2
2023,3,0,11,310000,2,2
2023,3,0,11,239000,2,2
2023,0,0,4,142000,2,2
2023,0,0,4,95000,2,2
2023,0,0,2,155000,2,2
2023,0,0,2,139500,2,2
2023,1,0,11,140000,2,2
2023,1,0,11,120000,2,2
2023,0,0,11,259000,2,2
2023,0,0,11,146000,2,2
2023,1,0,4,109371,28,2
2023,1,0,4,72914,28,2
2023,2,3,4,17779,7,0
2023,2,0,2,19522,24,0
2023,0,0,47,247500,2,2
2023,0,0,47,172200,2,2
2023,0,0,2,225000,2,2
2023,0,0,2,156400,2,2
2023,0,0,11,139500,2,2
2023,0,0,11,109400,2,2
2023,1,0,11,125000,2,2
2023,1,0,11,90000,2,2
2023,0,0,52,107309,12,2
2023,0,0,52,75116,12,2
2023,0,0,2,185900,2,2
2023,0,0,2,129300,2,2
2023,0,0,9,139500,2,2
2023,0,0,9,109400,2,2
2023,0,0,4,120000,2,2
2023,0,0,4,75000,2,2
2023,0,0,4,169000,2,2
2023,0,0,4,110600,2,2
2023,0,0,9,288000,2,2
2023,0,0,9,140000,2,2
2023,0,0,9,288000,2,2
2023,0,0,9,140000,2,2
2023,1,0,11,120000,2,2
2023,1,0,11,90000,2,2
2023,1,0,47,72914,5,2
2023,1,0,47,60761,5,2
2023,0,0,2,215050,2,2
2023,0,0,2,156400,2,2
2023,0,0,15,198000,2,2
2023,0,0,15,114000,2,2
2023,2,0,4,75000,2,2
2023,2,0,4,60000,2,2
2023,0,0,9,204500,2,2
2023,0,0,9,142200,2,2
2023,0,0,2,209300,2,2
2023,0,0,2,182200,2,2
2023,0,0,27,140000,2,2
2023,0,0,27,120000,2,2
2022,2,0,2,85000,2,2
2023,1,0,9,48609,5,2
2023,2,0,6,120000,5,2
2023,2,0,6,60000,5,2
2023,0,0,9,147100,2,2
2023,0,0,9,90700,2,2
2023,0,0,11,230000,2,2
2023,0,0,11,170000,2,2
2023,0,0,4,227000,2,2
2023,0,0,4,108000,2,2
2023,0,0,11,180000,2,2
2023,0,0,11,160000,2,2
2023,0,0,15,180000,2,2
2023,0,0,15,160000,2,2
2023,0,0,11,180000,2,2
2023,0,0,11,130000,2,2
2023,0,0,4,55800,1,2
2023,0,0,4,51508,1,2
2023,2,0,4,60000,2,0
2023,2,0,4,50000,2,0
2023,0,0,11,226700,2,2
2023,0,0,11,133300,2,2
2023,0,0,11,252000,2,2
2023,0,0,11,129000,2,2
2023,0,0,58,151902,5,0
2023,2,0,2,9727,7,0
2023,0,0,4,80000,2,2
2023,0,0,4,52500,2,2
2023,0,0,11,250000,2,2
2023,0,0,11,162500,2,2
2023,2,0,4,85000,2,2
2023,2,0,4,75000,2,2
2023,0,0,4,153600,2,2
2023,0,0,4,106800,2,2
2023,1,0,4,165000,2,2
2023,1,0,4,124000,2,2
2023,0,0,4,115934,2,2
2023,0,0,4,81666,2,2
2023,0,0,11,167580,2,2
2023,0,0,11,87980,2,2
2023,0,0,11,250000,2,2
2023,0,0,11,63000,2,2
2023,0,0,18,253750,1,2
2023,0,0,18,169200,1,2
2023,0,0,18,253750,1,2
2023,0,0,18,169200,1,2
2023,1,0,2,170000,2,2
2023,1,0,2,120000,2,2
2023,0,0,11,124740,2,2
2023,0,0,11,65488,2,2
2023,0,0,11,213580,2,2
2023,0,0,11,163625,2,2
2023,2,0,11,12000,29,0
2022,0,0,57,375000,2,2
2023,0,0,11,101943,15,2
2023,1,0,59,16414,7,0
2023,0,0,9,220000,2,2
2023,0,0,9,170000,2,2
2023,3,0,11,235000,2,2
2023,3,0,11,210000,2,2
2023,0,0,15,180000,2,2
2023,0,0,15,115000,2,2
2023,0,0,15,200000,2,2
2023,0,0,15,115000,2,2
2023,0,0,26,231250,2,2
2023,0,0,26,138750,2,2
2023,0,0,9,284310,2,2
2023,0,0,9,153090,2,2
2023,0,0,11,160000,2,2
2023,0,0,11,75000,2,2
2023,1,0,4,125000,2,2
2023,1,0,4,105000,2,2
2023,1,0,4,109371,5,2
2023,1,0,4,85066,5,2
2023,2,0,4,55000,2,2
2023,2,0,4,48000,2,2
2023,2,0,4,100000,2,2
2023,0,0,47,225900,2,2
2023,0,0,47,156400,2,2
2023,0,0,11,250000,2,2
2023,0,0,11,162500,2,2
2023,0,0,9,318300,2,2
2023,0,0,9,188800,2,2
2023,0,0,4,385000,2,2
2023,0,0,4,60000,2,2
2023,1,0,4,110000,2,2
2023,1,0,4,95000,2,2
2023,0,0,2,145000,2,2
2023,0,0,2,135000,2,2
2023,0,0,4,180180,2,2
2023,0,0,4,106020,2,2
2023,0,0,4,93919,2,2
2023,0,0,4,51962,2,2
2023,0,0,11,241871,2,2
2023,0,0,11,133832,2,2
2023,0,0,2,170000,2,2
2023,0,0,2,90000,2,2
2023,3,0,11,210914,2,2
2023,3,0,11,116704,2,2
2023,0,0,4,192500,2,2
2023,0,0,4,140000,2,2
2023,0,0,2,149076,2,2
2023,0,0,2,82365,2,2
2023,1,0,9,36000,23,1
2023,0,0,2,175000,2,2
2023,0,0,2,148750,2,2
2023,0,0,18,370000,2,2
2023,0,0,18,200000,2,2
2023,0,0,2,235000,2,2
2023,0,0,2,185000,2,2
2023,1,0,9,121523,5,2
2023,1,0,9,97218,5,2
2023,0,0,2,216100,2,2
2023,0,0,2,140800,2,2
2023,1,0,9,145828,5,2
2023,1,0,9,121523,5,2
2023,0,0,60,53654,3,0
2023,2,0,2,110000,2,1
2023,0,0,11,128000,2,2
2023,0,0,11,81500,2,2
2023,1,0,11,66837,5,2
2023,1,0,11,63192,5,2
2023,1,0,4,60761,5,2
2023,1,0,4,54685,5,2
2023,3,0,11,284000,2,2
2023,3,0,11,236000,2,2
2023,0,0,18,248100,3,2
2023,0,0,18,145900,3,2
2023,0,0,6,155850,2,2
2023,0,0,6,102544,2,2
2023,1,0,2,151410,2,2
2023,1,0,2,115360,2,2
2023,1,0,11,66531,1,2
2023,1,0,11,59020,1,2
2023,0,0,33,125686,3,2
2023,0,0,61,100000,9,0
2023,2,0,2,12767,7,0
2023,0,0,2,250000,2,2
2023,0,0,2,162500,2,2
2023,0,0,2,185000,5,2
2023,0,0,2,120250,5,2
2023,2,0,11,26827,4,0
2022,2,0,2,180000,2,2
2023,1,0,18,85000,2,2
2023,1,0,18,70000,2,2
2023,0,0,46,135000,2,2
2023,0,0,46,100000,2,2
2023,3,0,19,155000,2,2
2023,3,0,19,140000,2,2
2023,0,0,9,204500,2,2
2023,0,0,9,142200,2,2
2023,0,0,11,226700,2,2
2023,0,0,11,133300,2,2
2023,0,0,2,225000,2,2
2023,0,0,2,156400,2,2
2023,0,0,11,163800,2,2
2023,0,0,11,126000,2,2
2023,0,0,9,163800,2,2
2023,0,0,9,126000,2,2
2023,0,0,1,220000,2,2
2023,0,0,1,150000,2,2
2023,0,0,11,145000,2,2
2023,0,0,11,115000,2,2
2023,0,0,19,204500,2,2
2023,0,0,19,138900,2,2
2023,1,0,11,162500,2,2
2023,1,0,11,130000,2,2
2023,0,0,11,150000,2,2
2023,0,0,11,107000,2,2
2023,3,0,11,175000,2,2
2023,3,0,11,110000,2,2
2023,0,0,11,226700,2,2
2023,0,0,11,133300,2,2
2023,0,0,11,252000,2,2
2023,0,0,11,129000,2,2
2023,0,0,9,150000,2,2
2023,0,0,9,125000,2,2
2023,0,0,11,252000,2,2
2023,0,0,11,129000,2,2
2023,0,0,2,225000,2,2
2023,0,0,2,156400,2,2
2022,1,0,18,23000,7,0
2023,1,0,9,110000,2,0
2023,0,0,11,265000,2,2
2023,0,0,11,182750,2,2
2023,1,0,4,130000,2,2
2023,1,0,4,100000,2,2
2023,0,0,4,153600,2,2
2023,0,0,4,106800,2,2
2023,0,0,11,137500,2,2
2023,0,0,11,81500,2,2
2023,3,0,54,314100,2,2
2023,3,0,54,195800,2,2
2023,0,0,3,205000,2,2
2023,0,0,3,180000,2,2
2023,0,0,2,165000,2,2
2023,0,0,2,144000,2,2
2023,2,0,46,160000,2,2
2023,2,0,46,100000,2,2
2023,3,0,11,200000,2,2
2023,3,0,11,145000,2,2
2023,1,0,4,150000,2,2
2023,1,0,4,100000,2,2
2023,0,0,27,199000,2,2
2023,0,0,27,112000,2,2
2023,0,0,2,105000,2,2
2023,0,0,2,70000,2,2
2023,2,0,29,130000,21,1
2023,0,0,4,180180,2,2
2023,0,0,4,106020,2,2
2023,2,0,11,160000,2,2
2023,2,0,11,135000,2,2
2023,0,0,2,183000,2,2
2023,0,0,2,134000,2,2
2023,0,0,9,220000,2,2
2023,0,0,9,150000,2,2
2023,0,0,3,350000,2,0
2023,0,0,3,262500,2,0
2023,0,0,4,122000,2,2
2023,0,0,4,94000,2,2
2023,0,0,9,276000,2,2
2023,0,0,9,184000,2,2
2023,3,0,11,310000,2,2
2023,3,0,11,239000,2,2
2023,0,0,2,225000,2,2
2023,0,0,2,156400,2,2
2023,1,0,9,180000,2,2
2023,1,0,9,150000,2,2
2023,0,0,2,228000,2,2
2023,0,0,2,152000,2,2
2023,0,0,2,209450,2,2
2023,0,0,2,158677,2,2
2023,0,0,4,175000,2,2
2023,0,0,4,145000,2,2
2023,0,0,11,240000,2,2
2023,0,0,11,170000,2,2
2023,1,0,4,103200,2,2
2023,1,0,4,61200,2,2
2022,1,0,2,155000,2,0
2021,2,0,62,66970,19,0
2023,0,0,2,63312,30,0
2023,0,0,2,237000,2,2
2023,0,0,2,145000,2,2
2023,0,0,2,240000,2,2
2023,0,0,2,139000,2,2
2023,0,0,15,174500,2,2
2023,0,0,15,113000,2,2
2023,0,0,4,130000,2,2
2023,0,0,4,87000,2,2
2023,0,0,4,160000,2,2
2023,0,0,4,108000,2,2
2023,0,0,11,165000,2,2
2023,0,0,11,107250,2,2
2023,0,0,11,300000,2,2
2023,0,0,11,119000,2,2
2023,0,0,2,285800,2,2
2023,0,0,2,154600,2,2
2023,1,0,54,60795,7,0
2023,2,0,4,30000,2,1
2023,1,0,26,220000,2,2
2023,1,0,26,195000,2,2
2023,0,0,27,168400,2,2
2023,0,0,27,105200,2,2
2023,1,0,4,206000,2,2
2023,1,0,4,160000,2,2
2023,0,0,7,200000,2,2
2023,0,0,7,175000,2,2
2023,0,0,7,231250,2,2
2023,0,0,7,138750,2,2
2023,0,0,11,153000,3,2
2023,0,0,11,94000,3,2
2023,0,0,11,240500,2,0
2023,0,0,11,123700,2,0
2023,0,0,11,160000,2,2
2023,0,0,11,90000,2,2
2023,2,0,2,124234,2,2
2023,2,0,2,74540,2,2
2023,1,0,4,109000,2,2
2023,1,0,4,79000,2,2
2022,0,0,9,84053,12,0
2023,1,0,9,50000,31,1
2023,0,0,2,275300,2,2
2023,0,0,2,183500,2,2
2023,0,0,2,275300,2,2
2023,0,0,2,183500,2,2
2023,0,0,4,160000,2,2
2023,0,0,4,125600,2,2
2023,0,0,11,170000,2,2
2023,0,0,11,120000,2,2
2023,0,0,11,225000,2,2
2023,0,0,11,140000,2,2
2023,0,0,4,141290,2,2
2023,0,0,4,74178,2,2
2023,0,0,2,150000,2,2
2023,0,0,2,120000,2,2
2023,0,0,11,85000,2,2
2023,0,0,11,75000,2,2
2023,0,0,11,220000,2,2
2023,0,0,11,160000,2,2
2023,0,0,11,205600,2,2
2023,0,0,11,107500,2,2
2023,1,0,11,120000,2,2
2023,1,0,11,95000,2,2
2023,0,0,11,185900,2,2
2023,0,0,11,129300,2,2
2023,0,0,11,160000,2,2
2023,0,0,11,130000,2,2
2023,2,0,2,12888,7,1
2023,1,0,11,250000,2,2
2023,1,0,11,175000,2,2
2023,0,0,2,136000,2,2
2023,0,0,2,104000,2,2
2023,1,0,4,80000,2,2
2023,1,0,4,52500,2,2
2023,0,0,2,110000,2,2
2023,0,0,2,84000,2,2
2023,0,0,49,125000,2,2
2023,0,0,49,110000,2,2
2023,1,0,4,90000,2,2
2023,1,0,4,80000,2,2
2023,0,0,1,200000,2,2
2023,0,0,1,135000,2,2
2022,2,0,20,48000,2,0
2023,2,0,17,120000,32,1
2023,0,0,11,130000,2,2
2023,0,0,11,75000,2,2
2023,0,0,11,252000,2,2
2023,0,0,11,129000,2,2
2023,1,0,4,150000,2,2
2023,1,0,4,100000,2,2
2023,0,0,11,226700,2,2
2023,0,0,11,133300,2,2
2023,0,0,2,190000,2,2
2023,0,0,2,165000,2,2
2023,0,0,11,170000,2,2
2023,0,0,11,150000,2,2
2023,1,0,11,150000,2,2
2023,1,0,11,130000,2,2
2023,0,0,2,225000,2,2
2023,0,0,2,156400,2,2
2023,0,0,12,200000,2,1
2023,1,0,21,80000,33,1
2023,2,0,20,12877,34,0
2022,2,0,17,6304,35,1
2023,1,0,63,17509,19,2
2023,0,0,2,257000,2,2
2023,0,0,2,134000,2,2
2023,0,0,2,77262,36,2
2023,0,0,2,38631,36,2
2023,0,0,11,205600,2,0
2023,0,0,11,105700,2,0
2023,0,0,46,140000,2,2
2023,0,0,46,110000,2,2
2023,0,0,26,299500,2,2
2023,0,0,26,245100,2,2
2023,0,0,18,210000,2,2
2023,0,0,18,151800,2,2
2023,1,0,2,53654,37,0
2023,0,0,4,51508,1,2
2023,0,0,4,40777,1,2
2023,0,0,4,51508,1,2
2023,0,0,4,40777,1,2
2023,2,0,11,160000,2,2
2023,2,0,11,135000,2,2
2023,1,0,11,120000,2,2
2023,1,0,11,95000,2,2
2023,0,0,11,250000,2,2
2023,0,0,11,63000,2,2
2023,0,0,2,237000,2,2
2023,0,0,2,145000,2,2
2023,0,0,2,130000,2,2
2023,0,0,2,90000,2,2
2023,1,0,4,120000,2,2
2023,1,0,4,100000,2,2
2023,0,0,15,174500,2,2
2023,0,0,15,113000,2,2
2023,1,0,2,183310,2,2
2023,1,0,2,183310,2,2
2023,0,0,4,145000,2,2
2023,0,0,4,102500,2,2
2023,0,0,2,210000,2,2
2023,0,0,2,185000,2,2
2023,0,0,15,174500,2,2
2023,0,0,15,113000,2,2
2023,0,0,50,122000,2,2
2023,0,0,50,94000,2,2
2023,0,0,2,220000,2,2
2023,0,0,2,146000,2,2
2023,0,0,11,300000,2,2
2023,0,0,11,130000,2,2
2023,1,0,2,24740,27,0
2022,1,0,12,15897,7,2
2023,0,0,50,145000,2,2
2023,0,0,50,128000,2,2
2023,0,0,2,182000,2,2
2023,0,0,2,140000,2,2
2023,0,0,11,122000,2,2
2023,0,0,11,94000,2,2
2023,0,0,9,77262,36,2
2023,0,0,9,38631,36,2
2023,3,0,2,300000,2,2
2023,3,0,2,200000,2,2
2023,1,0,4,135000,2,2
2023,1,0,4,105500,2,2
2023,0,0,11,252000,2,2
2023,0,0,11,129000,2,2
2022,1,0,2,110000,2,0
2023,0,0,2,136000,2,2
2023,0,0,2,104000,2,2
2023,0,0,2,168000,2,2
2023,0,0,2,130000,2,2
2023,1,0,4,78990,5,2
2023,1,0,4,43809,5,2
2023,1,0,11,120000,2,2
2023,1,0,11,95000,2,2
2023,0,0,2,153400,2,2
2023,0,0,2,122700,2,2
2023,0,0,2,185000,2,2
2023,0,0,2,160000,2,2
2023,0,0,2,205000,2,2
2023,0,0,2,185000,2,2
2023,0,0,9,204500,2,2
2023,0,0,9,142200,2,2
2023,1,0,9,145000,2,2
2023,1,0,9,87000,2,2
2023,2,0,2,50000,2,2
2023,0,0,1,234100,2,2
2023,0,0,1,203500,2,2
2023,0,0,2,223800,2,2
2023,0,0,2,172100,2,2
2023,0,0,2,180000,2,2
2023,0,0,2,150000,2,2
2023,0,0,11,232200,2,2
2023,0,0,11,167200,2,2
2023,0,0,46,197000,2,2
2023,0,0,46,106000,2,2
2023,0,0,18,180000,2,2
2023,0,0,18,145000,2,2
2023,0,0,64,225000,2,2
2023,0,0,64,200000,2,2
2023,0,0,11,170000,2,2
2023,0,0,11,114000,2,2
2023,0,0,11,291500,2,2
2023,0,0,11,180000,2,2
2023,3,0,11,196200,2,2
2023,3,0,11,150900,2,2
2023,0,0,2,168400,2,2
2023,0,0,2,105200,2,2
2023,1,0,11,95000,1,2
2023,1,0,11,80000,1,2
2023,1,0,4,116000,2,2
2023,1,0,4,72000,2,2
2023,0,0,7,207000,2,2
2023,0,0,7,167000,2,2
2023,0,0,9,145000,2,2
2023,0,0,9,135000,2,2
2023,1,0,11,105000,2,2
2023,1,0,11,70000,2,2
2023,0,0,15,180000,2,2
2023,0,0,15,115000,2,2
2023,0,0,11,133800,2,2
2023,0,0,11,96100,2,2
2023,1,0,4,120000,2,2
2023,1,0,4,80000,2,2
2023,0,0,65,140000,2,2
2023,0,0,65,100000,2,2
2023,0,0,18,150000,2,2
2023,0,0,18,120000,2,2
2023,0,0,40,140000,2,2
2023,0,0,40,115000,2,2
2023,0,0,26,297300,2,2
2023,0,0,26,198200,2,2
2023,0,0,2,297300,2,2
2023,0,0,2,198200,2,2
2023,0,0,11,202000,2,2
2023,0,0,11,135000,2,2
2023,0,0,2,110000,2,2
2023,0,0,2,84000,2,2
2023,1,0,9,219000,2,0
2023,0,0,3,230000,2,2
2023,0,0,3,196000,2,2
2023,0,0,46,140000,2,2
2023,0,0,46,110000,2,2
2023,1,0,4,150000,2,2
2023,1,0,4,100000,2,2
2023,0,0,11,160000,2,2
2023,0,0,11,110000,2,2
2023,0,0,2,185900,2,2
2023,0,0,2,129300,2,2
2023,0,0,3,126100,2,0
2023,0,0,3,72000,2,0
2023,0,0,11,170000,2,2
2023,0,0,11,150000,2,2
2023,1,0,9,175000,2,2
2023,1,0,9,140000,2,2
2023,0,0,4,240500,2,2
2023,0,0,4,137500,2,2
2023,1,0,2,187500,2,2
2023,1,0,2,165000,2,2
2023,1,0,66,72914,5,0
2022,2,3,4,25216,2,0
2023,0,0,18,210000,2,2
2023,0,0,18,165750,2,2
2023,0,0,34,225000,2,2
2023,0,0,34,165750,2,2
2023,1,0,9,109006,5,2
2023,1,0,9,67141,5,2
2023,0,0,2,135000,2,2
2023,0,0,2,115000,2,2
2023,0,0,67,275000,2,2
2023,0,0,67,175000,2,2
2023,0,0,2,170000,2,2
2023,0,0,2,140000,2,2
2023,0,0,11,175308,2,2
2023,0,0,11,100706,2,2
2023,0,0,67,235000,2,2
2023,0,0,67,135000,2,2
2023,0,0,11,310000,2,2
2023,0,0,11,229000,2,2
2023,0,0,1,289076,2,2
2023,0,0,1,202353,2,2
2023,0,0,11,69751,25,2
2023,0,0,11,37558,25,2
2023,1,0,6,120000,2,2
2023,1,0,6,100000,2,2
2023,0,0,11,226700,2,2
2023,0,0,11,133300,2,2
2023,0,0,4,125000,2,2
2023,0,0,4,85000,2,2
2023,0,0,4,130000,2,2
2023,0,0,4,80000,2,2
2023,1,0,11,120000,2,2
2023,1,0,11,100000,2,2
2021,0,0,2,54094,7,0
2022,1,0,20,18314,7,0
2023,0,0,11,231250,2,2
2023,0,0,11,138750,2,2
2023,0,0,11,199000,2,2
2023,0,0,11,162000,2,2
2023,2,0,11,160000,2,2
2023,2,0,11,135000,2,2
2022,2,0,2,100000,2,2
2023,0,0,18,200000,2,2
2023,0,0,18,150000,2,2
2023,2,0,6,160000,2,2
2023,2,0,6,120000,2,2
2023,0,0,18,250000,2,2
2023,0,0,18,200000,2,2
2023,2,0,56,150000,2,2
2023,2,0,56,120000,2,2
2023,0,0,6,150000,2,2
2023,0,0,6,100000,2,2
2022,0,0,19,133000,9,0
2023,0,0,2,272550,2,2
2023,0,0,2,198200,2,2
2023,0,0,2,182000,2,2
2023,0,0,2,140000,2,2
2023,0,0,11,200000,2,2
2023,0,0,11,160000,2,2
2023,0,0,9,204500,2,2
2023,0,0,9,142200,2,2
2023,1,0,2,120000,2,2
2023,1,0,2,105000,2,2
2023,0,0,11,187500,2,2
2023,0,0,11,175000,2,2
2023,0,0,9,204500,2,2
2023,0,0,9,142200,2,2
2023,0,0,4,155000,2,2
2023,0,0,4,64000,2,2
2023,0,0,12,235000,2,2
2023,0,0,12,185000,2,2
2023,0,0,15,174500,2,2
2023,0,0,15,113000,2,2
2023,0,0,2,143100,3,2
2023,0,0,2,113000,3,2
2023,0,0,3,184000,2,2
2023,0,0,3,142000,2,2
2023,0,0,2,140000,2,2
2023,0,0,2,120000,2,2
2023,0,0,15,174500,2,2
2023,0,0,15,113000,2,2
2023,0,0,2,180560,2,2
2023,0,0,2,115440,2,2
2023,0,0,2,140000,2,2
2023,0,0,2,120000,2,2
2023,0,0,18,248100,2,2
2023,0,0,18,145900,2,2
2023,0,0,2,120000,3,2
2023,0,0,2,110000,3,2
2023,0,0,11,291500,2,2
2023,0,0,11,180000,2,2
2023,1,0,9,75344,5,2
2023,1,0,9,63192,5,2
2023,0,0,11,161800,2,2
2023,0,0,11,141600,2,2
2023,1,0,9,58331,5,2
2023,1,0,9,46178,5,2
2023,0,0,11,166000,2,2
2023,0,0,11,128000,2,2
2023,0,0,15,170000,2,2
2023,0,0,15,110000,2,2
2023,0,0,11,160000,2,2
2023,0,0,11,75000,2,2
2023,0,0,11,236000,2,2
2023,0,0,11,182000,2,2
2022,1,0,4,14307,7,0
2022,2,0,2,130000,2,2
2023,1,0,4,150000,2,2
2023,1,0,4,100000,2,2
2023,0,0,9,261500,2,0
2023,0,0,9,134500,2,0
2022,1,0,2,13989,7,0
2023,1,0,2,130000,2,2
2023,1,0,2,90000,2,2
2023,2,0,11,160000,2,2
2023,2,0,11,135000,2,2
2022,0,0,68,125000,2,0
2022,0,0,11,175000,2,2
2022,0,0,11,155000,2,2
2022,0,0,11,153600,2,2
2022,0,0,11,106800,2,2
2022,0,0,2,150000,2,2
2022,0,0,2,140000,2,2
2022,0,0,50,122000,2,2
2022,0,0,50,94500,2,2
2022,0,0,11,170000,2,2
2022,0,0,11,130000,2,2
2022,0,0,50,145000,2,2
2022,0,0,50,128000,2,2
2022,0,0,11,145000,2,2
2022,0,0,11,100000,2,2
2022,0,0,11,175000,2,2
2022,0,0,11,120000,2,2
2022,0,0,11,145000,2,2
2022,0,0,11,115000,2,2
2022,0,0,38,150000,2,2
2022,1,0,4,150000,2,2
2022,1,0,4,100000,2,2
2022,1,0,2,150000,2,2
2022,1,0,2,127500,2,2
2022,0,0,2,126500,2,2
2022,0,0,2,51000,2,2
2022,1,0,11,260000,2,2
2022,1,0,11,175000,2,2
2022,2,0,21,40000,38,2
2022,2,0,44,40000,20,2
2022,0,0,11,250000,2,2
2022,0,0,11,63000,2,2
2022,0,0,9,210000,2,2
2022,0,0,9,160000,2,2
2022,0,0,2,272550,2,2
2022,0,0,2,198200,2,2
2022,1,0,2,94560,12,2
2022,1,0,2,52533,12,2
2022,0,0,2,220000,2,2
2022,0,0,2,146000,2,2
2022,1,0,4,150000,2,2
2022,1,0,4,100000,2,2
2022,0,0,57,248400,3,2
2022,0,0,57,183600,3,2
2022,1,0,11,150000,2,2
2022,1,0,11,150000,2,2
2022,2,0,69,40000,20,2
2022,0,0,39,56723,7,0
2022,1,0,11,120000,2,2
2022,1,0,11,95000,2,2
2022,2,0,11,160000,2,2
2022,2,0,11,135000,2,2
2022,2,0,50,24165,39,2
2022,0,0,11,216000,2,2
2022,0,0,11,144000,2,2
2022,2,0,11,85000,2,2
2022,2,0,11,65000,2,2
2022,0,0,4,149000,2,2
2022,0,0,4,119000,2,2
2022,0,0,2,140000,2,2
2022,0,0,2,120000,2,2
2022,1,0,2,150000,2,2
2022,1,0,2,110000,2,2
2022,0,0,9,246000,2,2
2022,0,0,9,201000,2,2
2022,0,0,2,190000,2,2
2022,0,0,2,155000,2,2
2022,0,0,1,235000,2,2
2022,0,0,1,185000,2,2
2022,0,0,40,190000,2,2
2022,0,0,40,160000,2,2
2022,2,0,59,100000,2,2
2022,1,0,11,130000,2,2
2022,1,0,11,115000,2,2
2022,1,0,2,92350,5,2
2022,1,0,2,67723,5,2
2022,1,0,11,105000,2,2
2022,1,0,11,70000,2,2
2022,0,0,9,204500,2,2
2022,0,0,9,142200,2,2
2022,0,0,9,192000,2,2
2022,0,0,9,164000,2,2
2022,0,0,11,185900,2,2
2022,0,0,11,129300,2,2
2022,0,0,11,130000,2,2
2022,0,0,11,75000,2,2
2022,0,0,26,175000,2,2
2022,0,0,26,120000,2,2
2022,0,0,11,167500,2,2
2022,0,0,11,106500,2,2
2022,1,0,4,75000,2,2
2022,1,0,4,60000,2,2
2022,0,0,3,184000,2,2
2022,0,0,3,142000,2,2
2022,1,0,2,145000,2,2
2022,1,0,2,100000,2,2
2022,2,0,57,10000,40,1
2022,1,0,2,31795,2,2
2022,1,0,67,44365,41,1
2022,0,0,11,175000,2,2
2022,0,0,11,120000,2,2
2022,0,0,11,175000,2,2
2022,0,0,11,120000,2,2
2022,3,0,11,200000,2,2
2022,3,0,11,145000,2,2
2022,1,0,11,92350,5,2
2022,1,0,11,73880,5,2
2022,0,0,11,145000,2,2
2022,0,0,11,100000,2,2
2022,0,0,3,192000,2,2
2022,0,0,3,164000,2,2
2022,3,0,11,310000,2,2
2022,3,0,11,239000,2,2
2022,0,0,4,120000,2,2
2022,0,0,4,95000,2,2
2022,0,0,9,145000,2,2
2022,0,0,9,135000,2,2
2022,0,0,11,100000,2,2
2022,0,0,11,78000,2,2
2022,0,0,11,73546,1,2
2022,0,0,11,36773,1,2
2022,1,0,11,160000,2,2
2022,1,0,11,120000,2,2
2022,0,0,2,190000,2,2
2022,0,0,2,150000,2,2
2022,1,0,11,35610,7,0
2022,0,0,36,125000,18,0
2022,0,0,11,120000,2,2
2022,0,0,11,95000,2,2
2022,1,0,4,150000,2,2
2022,1,0,4,100000,2,2
2022,0,0,2,47280,1,2
2022,0,0,2,37824,1,2
2022,0,0,4,115934,2,2
2022,0,0,4,81666,2,2
2022,0,0,2,175000,2,2
2022,0,0,2,140000,2,2
2022,0,0,11,120000,2,2
2022,0,0,11,95000,2,2
2022,0,0,6,249500,2,2
2022,0,0,6,149850,2,2
2022,1,0,7,122500,2,2
2022,1,0,7,100000,2,2
2022,0,0,2,249500,2,2
2022,0,0,2,149850,2,2
2022,2,0,4,55000,2,2
2022,2,0,4,48000,2,2
2022,0,0,18,249500,2,2
2022,0,0,18,149850,2,2
2022,1,0,12,58837,12,1
2022,0,0,11,190000,2,2
2022,0,0,11,120000,2,2
2022,0,0,4,127000,2,2
2022,0,0,4,104000,2,2
2022,0,0,2,210000,2,2
2022,0,0,2,150000,2,2
2022,0,0,9,210000,2,2
2022,0,0,9,150000,2,2
2022,0,0,11,210000,2,2
2022,0,0,11,130000,2,2
2022,0,0,2,182750,2,2
2022,0,0,2,161500,2,2
2022,1,0,4,102640,2,2
2022,1,0,4,66100,2,2
2022,0,0,18,210000,2,2
2022,0,0,18,150000,2,2
2022,0,0,11,198800,2,2
2022,0,0,11,122600,2,2
2022,1,0,11,130000,2,2
2022,1,0,11,80000,2,2
2022,0,0,2,136000,2,2
2022,0,0,2,104000,2,2
2022,0,0,4,150000,2,2
2022,0,0,4,100000,2,2
2022,2,0,11,160000,2,2
2022,2,0,11,135000,2,2
2022,0,0,11,216000,2,2
2022,0,0,11,144000,2,2
2022,3,0,2,159000,2,2
2022,3,0,2,130000,2,2
2022,0,0,4,115934,2,2
2022,0,0,4,81666,2,2
2022,0,0,11,215000,2,2
2022,0,0,11,150000,2,2
2022,0,0,9,246000,2,2
2022,0,0,9,201000,2,2
2022,1,0,11,187000,2,2
2022,1,0,11,153000,2,2
2022,0,0,9,255000,23,2
2022,0,0,9,185000,23,2
2022,1,0,4,430967,5,2
2022,1,0,4,55410,5,2
2022,0,0,4,50432,1,2
2022,0,0,4,39925,1,2
2022,0,0,4,169000,2,2
2022,0,0,4,110600,2,2
2022,2,0,53,60938,4,0
2022,0,0,46,140000,2,2
2022,0,0,46,120000,2,2
2022,1,0,4,75000,2,2
2022,1,0,4,60000,2,2
2022,0,0,70,10000,42,1
2022,2,0,4,50000,2,0
2022,1,0,35,134000,2,2
2022,1,0,35,124000,2,2
2022,0,0,4,166700,2,2
2022,0,0,4,119000,2,2
2022,2,0,2,124234,2,2
2022,2,0,2,74540,2,2
2022,1,0,4,100000,2,2
2022,1,0,4,65000,2,2
2021,1,0,4,16904,7,0
2022,2,0,36,200000,3,0
2022,2,0,9,12000,43,0
2022,0,0,11,220000,2,2
2022,0,0,11,146000,2,2
2022,0,0,11,68293,1,2
2022,0,0,11,36773,1,2
2022,0,0,30,110000,2,2
2022,0,0,30,70000,2,2
2022,2,0,4,50000,2,0
2022,0,0,11,120000,2,2
2022,0,0,11,95000,2,2
2022,1,0,4,150000,2,2
2022,1,0,4,100000,2,2
2022,0,0,2,47280,1,2
2022,0,0,2,37824,1,2
2022,0,0,15,190000,2,2
2022,0,0,15,135000,2,2
2022,0,0,2,128000,2,2
2022,0,0,2,81500,2,2
2022,0,0,2,173000,2,2
2022,0,0,2,110000,2,2
2022,0,0,9,192000,2,2
2022,0,0,9,120000,2,2
2022,0,0,4,115934,2,2
2022,0,0,4,81666,2,2
2022,0,0,4,120000,2,2
2022,0,0,4,95000,2,2
2022,0,0,71,190000,2,0
2022,0,0,11,194000,2,2
2022,0,0,11,129400,2,2
2022,0,0,4,201000,2,2
2022,0,0,4,89200,2,2
2022,0,0,2,165000,2,2
2022,0,0,2,125000,2,2
2022,0,0,3,230000,2,2
2022,0,0,3,196000,2,2
2022,1,0,9,130000,2,2
2022,1,0,9,90000,2,2
2022,1,0,28,150000,2,2
2022,1,0,28,100000,2,2
2022,1,0,9,230000,2,2
2022,1,0,9,150000,2,2
2022,0,0,11,153600,2,2
2022,0,0,11,106800,2,2
2022,1,0,28,130000,2,2
2022,1,0,28,100000,2,2
2022,0,0,11,216000,2,2
2022,0,0,11,144000,2,2
2022,1,0,2,180000,2,2
2022,1,0,2,120000,2,2
2022,2,0,11,160000,2,2
2022,2,0,11,135000,2,2
2022,0,0,4,192500,2,2
2022,0,0,4,140000,2,2
2022,0,0,11,152500,2,2
2022,0,0,11,130000,2,2
2022,0,0,4,65000,2,2
2022,0,0,4,55000,2,2
2022,0,0,11,178750,2,2
2022,0,0,11,160000,2,2
2022,1,0,2,63040,12,2
2022,1,0,2,52533,12,2
2022,1,0,34,165000,2,2
2022,1,0,34,135000,2,2
2022,0,0,7,170000,2,2
2022,0,0,7,125000,2,2
2022,0,0,11,105000,2,2
2022,0,0,11,70000,2,2
2022,0,0,2,130000,2,2
2022,0,0,2,95000,2,2
2022,0,0,2,203500,2,2
2022,0,0,2,152000,2,2
2022,0,0,11,197430,2,2
2022,0,0,11,134760,2,2
2022,1,0,2,120000,2,2
2022,0,0,11,197000,2,2
2022,0,0,11,99000,2,2
2022,0,0,11,220000,2,2
2022,0,0,11,162000,2,2
2022,1,0,11,110446,44,2
2022,1,0,11,79178,44,2
2022,1,0,50,70186,5,2
2022,1,0,50,51716,5,2
2022,0,0,15,149040,2,2
2022,0,0,15,113900,2,2
2020,1,0,20,95000,2,2
2021,0,0,4,115000,2,1
2022,0,0,4,171000,20,0
2022,2,0,72,13000,43,1
2022,0,0,11,100000,2,2
2022,0,0,11,78000,2,2
2022,0,0,11,120000,2,2
2022,0,0,11,95000,2,2
2022,0,0,30,110000,2,2
2022,0,0,30,70000,2,2
2022,2,2,73,50000,2,1
2022,0,0,2,185900,2,2
2022,0,0,2,129300,2,2
2022,1,0,4,150000,2,2
2022,1,0,4,100000,2,2
2022,0,0,11,230000,2,2
2022,0,0,11,154600,2,2
2022,0,0,9,204500,2,2
2022,0,0,9,142200,2,2
2022,1,0,11,160000,2,2
2022,1,0,11,75000,2,2
2022,0,0,2,47280,1,2
2022,0,0,2,37824,1,2
2022,0,0,11,213000,2,2
2022,0,0,11,152000,2,2
2022,0,0,2,140000,2,2
2022,0,0,2,120000,2,2
2022,0,0,2,110000,2,2
2022,0,0,2,70000,2,2
2022,0,0,57,227200,3,2
2022,0,0,57,168000,3,2
2021,2,0,70,20000,45,2
2022,1,0,2,64090,4,2
2022,1,0,2,60938,4,2
2022,0,0,1,243000,2,2
2022,0,0,1,183000,2,2
2022,0,0,11,175000,2,2
2022,0,0,11,150000,2,2
2022,1,0,2,130000,2,2
2022,1,0,2,90000,2,2
2022,1,0,4,165000,2,2
2022,1,0,4,124000,2,2
2022,0,0,11,178000,3,2
2022,0,0,11,132000,3,2
2022,0,0,11,300000,2,2
2022,0,0,11,130000,2,2
2022,0,0,4,169000,2,2
2022,0,0,4,110600,2,2
2022,0,0,4,116000,2,2
2022,0,0,4,96000,2,2
2022,0,0,4,92350,5,2
2022,0,0,4,70186,5,2
2022,0,0,4,105000,2,2
2022,0,0,4,70000,2,2
2022,1,0,28,105236,3,0
2022,0,0,11,194000,2,2
2022,0,0,11,129400,2,2
2022,0,0,15,190000,2,2
2022,0,0,15,135000,2,2
2022,0,0,4,100000,2,2
2022,0,0,4,70000,2,2
2022,2,0,9,189750,2,2
2022,2,0,9,140250,2,2
2022,0,0,4,130000,2,2
2022,0,0,4,100000,2,2
2022,1,0,4,160000,2,2
2022,1,0,4,109000,2,2
2022,0,0,6,250000,2,2
2022,0,0,6,150000,2,2
2022,1,0,4,206000,2,2
2022,1,0,4,160000,2,2
2022,0,0,11,135000,2,2
2022,0,0,11,120000,2,2
2022,0,0,9,115573,12,2
2022,0,0,9,73546,12,2
2022,2,0,11,160000,2,2
2022,2,0,11,135000,2,2
2022,1,0,4,150000,2,2
2022,1,0,4,100000,2,2
2022,1,0,11,120000,2,2
2022,1,0,11,95000,2,2
2022,0,0,11,68293,1,2
2022,0,0,11,42026,1,2
2022,0,0,11,191200,2,2
2022,0,0,11,130000,2,2
2022,0,0,11,191200,2,2
2022,0,0,11,130000,2,2
2022,2,0,66,66192,4,0
2022,2,0,70,50000,46,1
2022,0,0,11,230000,2,0
2022,0,0,11,154600,2,0
2022,0,0,11,120000,2,2
2022,0,0,11,95000,2,2
2022,0,0,2,140000,2,2
2022,0,0,2,120000,2,2
2022,0,0,4,169000,2,2
2022,0,0,4,110600,2,2
2022,1,0,4,80000,2,0
2022,0,0,11,185900,2,2
2022,0,0,11,129300,2,2
2022,0,0,7,135000,2,2
2022,0,0,7,110000,2,2
2022,1,0,19,155000,2,2
2022,1,0,19,140000,2,2
2022,0,0,11,205000,2,2
2022,0,0,11,150000,2,2
2022,0,0,11,179500,2,2
2022,0,0,11,134000,2,2
2022,1,0,2,180000,2,2
2022,1,0,2,120000,2,2
2022,0,0,2,185900,2,2
2022,0,0,2,129300,2,2
2022,0,0,2,175000,2,2
2022,0,0,2,145000,2,2
2022,0,0,15,235000,2,2
2022,0,0,15,175000,2,2
2022,2,0,50,27317,1,0
2022,1,0,11,160000,2,2
2022,1,0,11,90000,2,2
2022,0,0,11,68293,1,2
2022,0,0,11,36773,1,2
2022,0,0,11,145000,2,2
2022,0,0,11,115000,2,2
2022,1,0,30,165000,2,2
2022,1,0,30,135000,2,2
2022,0,0,11,168400,2,2
2022,0,0,11,105200,2,2
2022,1,0,56,86193,5,2
2022,1,0,56,49253,5,2
2022,0,0,11,200000,2,2
2022,0,0,11,160000,2,2
2022,0,0,2,47280,1,2
2022,0,0,2,37824,1,2
2022,0,0,2,198800,2,2
2022,0,0,2,122600,2,2
2022,2,2,9,100000,47,2
2022,1,0,53,105066,12,2
2022,0,0,4,130000,2,2
2022,0,0,4,100000,2,2
2022,1,0,7,104663,5,2
2022,1,0,7,73880,5,2
2022,0,0,11,125000,2,2
2022,0,0,11,110000,2,2
2022,1,0,4,165000,2,2
2022,1,0,4,124000,2,2
2022,0,0,2,148000,2,2
2022,0,0,2,107000,2,2
2022,1,0,4,150000,2,2
2022,1,0,4,100000,2,2
2022,2,0,11,160000,2,2
2022,2,0,11,135000,2,2
2022,1,0,11,120000,2,2
2022,1,0,11,95000,2,2
2022,0,0,11,153600,2,2
2022,0,0,11,106800,2,2
2022,1,0,4,100000,3,2
2022,1,0,4,65000,3,2
2022,1,0,11,120000,2,2
2022,1,0,11,95000,2,2
2022,0,0,11,63040,25,2
2022,0,0,11,36773,25,2
2022,3,0,11,310000,2,2
2022,3,0,11,239000,2,2
2022,0,0,26,299500,2,2
2022,0,0,26,245100,2,2
2022,0,0,2,168000,2,2
2022,0,0,2,130000,2,2
2022,0,0,2,136000,2,2
2022,0,0,2,104000,2,2
2022,1,0,11,161000,2,2
2022,1,0,11,118000,2,2
2022,0,0,3,205000,2,2
2022,0,0,3,184000,2,2
2022,0,0,2,185900,2,2
2022,0,0,2,129300,2,2
2022,0,0,26,247500,2,2
2022,0,0,26,172200,2,2
2022,0,0,74,68293,39,0
2022,0,0,4,177000,2,2
2022,0,0,4,131000,2,2
2022,0,0,3,205000,2,2
2022,0,0,3,184000,2,2
2022,0,0,11,146000,2,2
2022,0,0,11,102000,2,2
2022,0,0,4,169000,2,2
2022,0,0,4,110600,2,2
2022,0,0,3,230000,2,2
2022,0,0,3,196000,2,2
2022,0,0,11,135000,2,2
2022,0,0,11,100000,2,2
2022,1,0,11,80000,2,2
2022,1,0,11,65000,2,2
2022,0,0,11,135000,2,2
2022,0,0,11,100000,2,2
2022,0,0,11,61566,5,2
2022,0,0,11,43096,5,2
2022,1,0,11,175000,2,2
2022,1,0,11,135000,2,2
2022,2,0,2,80000,2,2
2022,0,0,11,231250,2,2
2022,0,0,11,138750,2,2
2022,0,0,7,193750,2,2
2022,0,0,7,116250,2,2
2022,0,0,11,231250,2,2
2022,0,0,11,138750,2,2
2022,0,0,7,231250,2,2
2022,0,0,7,138750,2,2
2022,0,0,7,231250,2,2
2022,0,0,7,138750,2,2
2022,0,0,11,193750,2,2
2022,0,0,11,116250,2,2
2022,0,0,2,208000,2,2
2022,0,0,2,127000,2,2
2022,0,0,18,300000,2,2
2022,0,0,18,196000,2,2
2022,0,0,9,204500,2,2
2022,0,0,9,142200,2,2
2021,1,2,37,45555,48,2
2022,0,0,11,185900,2,2
2022,0,0,11,129300,2,2
2022,0,0,2,47280,1,2
2022,0,0,2,37824,1,2
2022,0,0,9,204500,2,2
2022,0,0,9,142200,2,2
2022,0,0,2,205000,2,2
2022,0,0,2,185000,2,2
2022,0,0,2,185900,2,2
2022,0,0,2,129300,2,2
2022,0,0,9,247500,2,2
2022,0,0,9,172200,2,2
2022,2,0,11,160000,2,2
2022,2,0,11,135000,2,2
2022,1,0,4,150000,2,2
2022,1,0,4,100000,2,2
2022,0,0,4,110000,2,2
2022,0,0,4,95000,2,2
2022,0,0,2,185900,2,2
2022,0,0,2,129300,2,2
2022,0,0,3,205000,2,2
2022,0,0,3,184000,2,2
2022,2,0,2,17684,49,2
2022,0,0,75,375000,2,0
2022,0,0,11,191200,2,2
2022,0,0,11,130000,2,2
2022,0,0,2,225000,2,2
2022,0,0,2,156400,2,2
2022,0,0,4,169000,2,2
2022,0,0,4,110600,2,2
2022,0,0,9,204500,2,2
2022,0,0,9,142200,2,2
2022,1,0,9,104663,5,2
2022,1,0,9,80036,5,2
2022,0,0,2,185900,2,2
2022,0,0,2,129300,2,2
2022,0,0,2,140700,2,2
2022,0,0,2,93800,2,2
2022,0,0,2,350000,2,2
2022,0,0,2,135000,2,2
2022,0,0,4,115934,2,2
2022,0,0,4,81666,2,2
2022,2,3,49,12000,2,0
2022,1,0,9,104697,10,0
2022,2,0,69,33000,4,1
2022,2,0,34,34672,4,1
2022,0,0,9,201000,2,2
2022,0,0,9,119000,2,2
2022,0,0,11,175000,2,2
2022,0,0,11,150000,2,2
2022,0,0,4,154560,2,2
2022,0,0,4,123648,2,2
2022,0,0,4,130000,2,2
2022,0,0,4,100000,2,2
2022,1,0,11,170000,2,2
2022,1,0,11,145000,2,2
2022,0,0,11,135000,2,2
2022,0,0,11,100000,2,2
2022,0,0,2,247500,2,2
2022,0,0,2,172200,2,2
2022,0,0,2,177500,2,2
2022,0,0,2,134000,2,2
2022,0,0,2,185900,2,2
2022,0,0,2,129300,2,2
2022,0,0,15,192564,2,2
2022,0,0,15,144854,2,2
2022,0,0,4,130000,2,2
2022,0,0,4,105000,2,2
2022,0,0,11,179305,2,2
2022,0,0,11,142127,2,2
2022,0,0,11,315000,2,2
2022,0,0,11,225000,2,2
2022,0,0,2,243900,2,2
2022,0,0,2,156600,2,2
2022,1,0,4,206000,2,2
2022,1,0,4,160000,2,2
2022,1,0,4,109000,2,2
2022,1,0,4,79000,2,2
2022,1,0,4,160000,2,2
2022,1,0,4,109000,2,2
2022,1,0,76,89306,50,0
2022,0,0,11,182500,2,2
2022,0,0,11,128500,2,2
2022,1,0,11,160000,2,2
2022,1,0,11,90000,2,2
2022,2,0,27,77300,2,2
2022,2,0,27,45600,2,2
2022,0,0,4,127000,2,2
2022,0,0,4,110000,2,2
2022,0,0,15,210000,2,2
2022,0,0,15,136000,2,2
2022,0,0,77,12608,51,1
2022,0,0,11,170000,2,2
2022,0,0,11,140000,2,2
2022,0,0,11,247500,2,2
2022,0,0,11,172200,2,2
2022,0,0,11,225000,2,2
2022,0,0,11,184100,2,2
2022,1,0,9,130000,2,2
2022,1,0,9,90000,2,2
2022,1,0,2,120000,2,2
2022,1,0,2,100000,2,2
2022,1,0,2,85000,2,2
2022,1,0,2,78000,2,2
2022,0,0,11,161000,2,2
2022,0,0,11,110000,2,2
2022,0,0,2,136000,2,2
2022,0,0,2,104000,2,2
2022,0,0,2,47280,1,2
2022,0,0,2,37824,1,2
2022,3,0,25,205000,2,2
2022,3,0,25,160000,2,2
2022,0,0,4,169000,2,2
2022,0,0,4,110600,2,2
2022,2,0,11,61566,5,2
2022,2,0,11,49253,5,2
2022,0,0,11,160000,2,2
2022,0,0,11,130000,2,2
2022,0,0,2,245000,2,2
2022,0,0,2,180000,2,2
2022,0,0,11,135000,2,2
2022,0,0,11,100000,2,2
2022,0,0,11,220000,2,2
2022,0,0,11,150000,2,2
2022,0,0,2,198440,2,0
2022,0,0,2,144000,2,0
2022,0,0,11,240000,2,2
2022,0,0,11,170000,2,2
2022,0,0,2,198440,2,2
2022,0,0,2,144000,2,2
2022,1,0,4,150000,2,2
2022,1,0,4,100000,2,2
2022,0,0,4,120000,2,2
2022,0,0,4,95000,2,2
2022,1,0,2,57872,5,2
2022,2,0,4,64000,2,0
2022,2,0,2,39925,12,0
2022,0,0,9,187200,3,2
2022,0,0,9,116100,3,2
2022,0,0,4,150000,2,2
2022,0,0,4,127000,2,2
2022,0,0,11,275000,2,2
2022,0,0,11,166000,2,2
2022,0,0,2,159699,2,2
2022,0,0,2,138938,2,2
2022,2,0,49,76000,2,0
2022,0,0,4,166700,2,2
2022,0,0,4,119000,2,2
2022,0,0,4,130000,2,2
2022,0,0,4,100000,2,2
2022,0,0,7,103432,5,2
2022,0,0,7,92350,5,2
2022,0,0,4,80000,2,2
2022,0,0,4,52500,2,2
2022,0,0,11,236000,2,2
2022,0,0,11,182000,2,2
2022,0,0,2,180000,2,2
2022,0,0,2,140000,2,2
2022,0,0,2,225000,2,2
2022,0,0,2,156400,2,2
2022,0,0,4,135000,2,2
2022,0,0,4,100000,2,2
2022,0,0,9,204500,2,2
2022,0,0,9,142200,2,2
2022,1,0,6,240000,2,2
2022,2,3,4,125404,2,1
2022,0,0,11,300000,2,2
2022,0,0,11,130000,2,2
2022,0,0,11,195000,2,2
2022,0,0,11,175000,2,2
2022,0,0,11,155000,2,2
2022,0,0,11,110000,2,2
2022,0,0,78,123000,2,2
2022,0,0,78,92250,2,2
2022,0,0,11,170000,2,2
2022,0,0,11,150000,2,2
2022,1,0,1,180000,2,2
2022,1,0,1,100000,2,2
2022,0,0,11,97000,2,2
2022,0,0,11,90000,2,2
2022,0,0,11,200000,2,2
2022,0,0,11,160000,2,2
2022,0,0,9,210000,2,2
2022,0,0,9,180000,2,2
2022,0,0,11,260000,2,2
2022,0,0,11,180000,2,2
2022,3,0,7,210000,2,2
2022,3,0,7,157000,2,2
2022,2,0,2,180000,2,2
2022,2,0,2,100000,2,2
2022,1,0,4,80000,2,2
2022,1,0,4,52500,2,2
2022,0,0,15,128000,2,2
2022,0,0,15,81500,2,2
2022,0,0,45,105000,2,2
2022,0,0,45,70000,2,2
2022,0,0,2,175000,2,2
2022,0,0,2,122500,2,2
2022,0,0,11,171000,2,2
2022,0,0,11,117000,2,2
2022,0,0,2,202800,2,0
2022,0,0,2,104300,2,0
2022,0,0,4,50432,1,2
2022,0,0,4,36773,1,2
2022,0,0,11,197000,2,2
2022,0,0,11,99000,2,2
2022,0,0,11,160000,2,2
2022,0,0,11,110000,2,2
2022,0,0,2,185900,2,2
2022,0,0,2,129300,2,2
2022,1,0,2,30000,23,0
2022,1,0,7,78000,24,2
2022,1,0,7,48000,24,2
2022,0,0,11,170000,2,2
2022,0,0,11,130000,2,2
2022,0,0,4,150000,2,2
2022,0,0,4,95000,2,2
2022,1,0,11,78000,24,2
2022,1,0,11,42000,24,2
2022,0,0,15,345600,2,2
2022,0,0,15,230400,2,2
2022,0,0,11,145000,2,2
2022,0,0,11,115000,2,2
2022,1,0,49,78000,24,2
2022,1,0,49,48000,24,2
2022,0,0,4,175950,2,2
2022,0,0,4,130050,2,2
2022,0,0,11,205600,2,0
2022,0,0,11,105700,2,0
2022,0,0,4,236600,2,2
2022,0,0,4,89200,2,2
2022,1,0,2,84000,24,2
2022,1,0,2,54000,24,2
2022,2,0,2,80000,2,0
2022,0,0,79,200000,5,1
2022,2,0,2,73742,3,0
2022,0,0,47,165000,2,1
2022,2,0,2,33246,5,0
2022,0,0,11,185900,2,2
2022,0,0,11,129300,2,2
2022,0,0,4,169000,2,2
2022,0,0,4,110600,2,2
2021,2,0,80,5409,7,0
2021,1,0,11,75050,20,0
2022,0,0,11,225000,2,2
2022,0,0,11,184100,2,2
2022,0,0,2,185900,2,2
2022,0,0,2,129300,2,2
2022,0,0,2,225000,2,2
2022,0,0,2,156400,2,2
2022,0,0,2,185900,2,2
2022,0,0,2,129300,2,2
2022,2,0,9,108000,2,1
2022,0,0,81,8000,19,0
2022,0,0,2,155000,2,2
2022,0,0,2,38000,2,2
2022,1,0,4,85000,2,2
2022,1,0,4,65000,2,2
2022,0,0,2,155000,2,2
2022,0,0,2,38000,2,2
2022,1,0,11,110820,5,2
2022,1,0,11,92350,5,2
2022,0,0,2,153600,2,2
2022,0,0,2,106800,2,2
2022,0,0,2,185000,2,2
2022,0,0,2,50000,2,2
2022,0,0,11,185900,2,2
2022,0,0,11,129300,2,2
2022,0,0,2,155000,2,2
2022,0,0,2,38000,2,2
2022,0,0,2,168000,2,2
2022,0,0,2,130000,2,2
2022,0,0,2,123400,2,2
2022,0,0,2,88100,2,2
2022,0,0,2,120000,2,1
2022,0,0,2,55000,2,1
2022,0,0,2,185900,2,2
2022,0,0,2,129300,2,2
2022,0,0,11,191200,2,2
2022,0,0,11,130000,2,2
2022,0,0,4,169000,2,2
2022,0,0,4,110600,2,2
2022,0,0,7,150000,2,2
2022,0,0,7,120000,2,2
2022,0,0,50,139000,2,2
2022,0,0,50,122000,2,2
2022,0,0,2,185900,2,2
2022,0,0,2,129300,2,2
2022,0,0,4,139600,2,2
2022,0,0,4,85700,2,2
2022,0,0,11,185000,2,2
2022,0,0,11,50000,2,2
2022,0,0,11,185900,2,2
2022,0,0,11,129300,2,2
2022,0,0,2,225000,2,2
2022,0,0,2,156400,2,2
2022,0,0,2,200000,2,2
2022,0,0,2,175000,2,2
2022,0,0,11,185900,2,2
2022,0,0,11,129300,2,2
2022,1,0,1,148500,2,0
2022,1,0,1,98200,2,0
2022,0,0,4,115000,2,2
2022,0,0,4,95000,2,2
2022,0,0,15,225000,2,2
2022,0,0,15,66000,2,2
2022,0,0,2,185000,2,2
2022,0,0,2,50000,2,2
2022,0,0,2,47280,1,2
2022,0,0,2,37824,1,2
2022,1,0,27,134000,2,2
2022,1,0,27,98000,2,2
2022,1,0,4,105000,2,2
2022,1,0,4,62000,2,2
2022,2,0,53,57000,2,0
2022,0,0,29,161311,3,2
2022,1,0,2,144200,2,2
2022,1,0,2,115360,2,2
2022,1,0,2,83171,20,0
2022,0,0,82,38154,7,0
2022,0,0,11,73546,25,2
2022,0,0,11,42026,25,2
2022,0,0,11,170000,2,2
2022,0,0,11,150000,2,2
2022,0,0,15,180000,2,2
2022,0,0,15,160000,2,2
2022,1,0,2,108000,2,0
2022,0,0,83,200000,2,2
2022,0,0,83,150000,2,2
2022,3,0,27,125976,3,0
2022,0,0,11,188700,2,2
2022,0,0,11,160395,2,2
2022,0,0,4,115934,2,2
2022,0,0,4,81666,2,2
2022,0,0,11,300000,2,2
2022,0,0,11,225000,2,2
2022,0,0,2,198440,2,2
2022,0,0,2,144000,2,2
2022,0,0,3,191475,2,2
2022,0,0,3,141525,2,2
2022,0,0,4,50432,1,2
2022,0,0,4,36773,1,2
2022,1,0,2,75648,4,1
2022,0,0,39,156868,2,0
2022,0,0,49,200000,6,1
2022,0,0,2,198440,2,0
2022,0,0,2,144000,2,0
2022,0,0,84,69344,25,0
2022,1,0,67,5132,52,2
2022,0,1,4,90000,2,2
2022,1,0,18,126080,4,1
2022,1,0,18,84053,4,1
2022,0,0,11,200000,2,2
2022,0,0,11,180000,2,2
2022,1,0,7,108000,2,2
2022,1,0,7,85000,2,2
2022,0,0,9,210000,2,2
2022,0,0,9,180000,2,2
2022,0,0,11,165000,2,2
2022,0,0,11,132000,2,2
2022,0,0,7,130000,2,2
2022,0,0,7,110000,2,2
2022,1,0,53,45050,20,0
2021,2,0,4,42028,20,0
2022,1,0,72,135000,2,0
2022,0,0,11,178800,2,0
2022,0,0,11,132100,2,0
2022,2,0,4,20000,2,2
2022,0,0,9,140000,3,2
2022,0,0,9,110000,3,2
2022,0,0,11,160000,2,2
2022,0,0,11,85000,2,2
2022,0,0,85,250000,2,2
2022,0,0,85,63000,2,2
2022,3,0,11,187200,2,2
2022,3,0,11,116100,2,2
2022,1,0,2,10000,53,2
2022,0,0,11,200000,2,2
2022,0,0,11,145000,2,2
2022,0,0,11,229998,2,0
2022,0,0,11,154545,2,0
2022,0,0,2,215000,2,0
2022,0,0,2,159000,2,0
2022,0,0,11,229998,2,0
2022,0,0,11,154545,2,0
2022,2,0,36,50000,2,2
2022,0,0,76,183000,2,0
2022,0,0,4,99750,2,2
2022,0,0,4,68400,2,2
2022,0,0,2,236900,2,0
2022,0,0,2,159200,2,0
2022,0,0,26,243225,2,2
2022,0,0,26,179775,2,2
2022,0,0,11,175000,2,2
2022,0,0,11,150000,2,2
2022,0,0,9,210000,2,2
2022,0,0,9,180000,2,2
2022,0,0,2,148000,2,2
2022,0,0,2,128000,2,2
2022,0,0,15,190000,2,2
2022,0,0,15,135000,2,2
2022,0,0,7,130000,2,2
2022,0,0,7,110000,2,2
2022,0,0,2,191475,2,2
2022,0,0,2,141525,2,2
2022,0,0,11,160000,2,2
2022,0,0,11,85000,2,2
2022,0,0,2,218000,2,2
2022,0,0,2,145300,2,2
2022,0,0,1,195400,2,0
2022,0,0,1,131300,2,0
2022,2,0,30,105000,2,0
2022,0,0,2,191475,2,2
2022,0,0,2,141525,2,2
2022,0,0,2,207000,2,2
2022,0,0,2,153000,2,2
2022,0,0,2,191475,2,2
2022,0,0,2,141525,2,2
2022,0,0,4,110000,2,2
2022,0,0,4,99000,2,2
2022,0,0,2,191475,2,2
2022,0,0,2,141525,2,2
2022,0,0,2,191475,2,2
2022,0,0,2,141525,2,2
2022,0,0,2,191475,2,2
2022,0,0,2,141525,2,2
2022,0,0,9,200000,54,2
2022,0,0,9,135000,54,2
2022,0,0,2,207000,2,2
2022,0,0,2,153000,2,2
2022,0,0,2,191475,2,2
2022,0,0,2,141525,2,2
2022,0,0,2,191475,2,2
2022,0,0,2,141525,2,2
2022,0,0,2,191475,2,2
2022,0,0,2,141525,2,2
2022,0,0,11,195700,2,2
2022,0,0,11,130500,2,2
2022,0,0,1,130000,2,2
2022,0,0,1,84000,2,2
2022,1,0,45,100000,2,2
2022,1,0,45,60000,2,2
2022,1,0,11,80036,5,2
2022,1,0,11,67723,5,2
2022,0,0,11,141300,2,2
2022,0,0,11,102100,2,2
2022,0,0,4,50432,1,2
2022,0,0,4,36773,1,2
2022,1,0,20,150000,2,0
2022,1,0,2,102200,5,2
2022,2,0,2,22892,7,2
2022,0,0,4,144000,2,2
2022,0,0,4,113000,2,2
2022,2,0,36,31520,1,2
2022,0,0,15,195400,2,0
2022,0,0,15,131300,2,0
2022,0,0,9,195400,2,0
2022,0,0,9,131300,2,0
2022,0,0,15,195400,2,0
2022,0,0,15,131300,2,0
2022,0,0,15,190000,2,2
2022,0,0,15,135000,2,2
2022,0,0,11,135000,2,2
2022,0,0,11,80000,2,2
2022,2,0,53,8050,7,2
2022,0,0,11,160000,2,2
2022,0,0,11,85000,2,2
2022,0,0,11,178800,2,0
2022,0,0,11,132100,2,0
2022,1,1,67,60000,2,1
2022,0,0,9,63040,13,1
2022,2,0,20,50000,45,0
2022,0,0,11,140000,2,2
2022,0,0,11,105000,2,2
2022,1,0,11,80036,5,2
2022,1,0,11,67723,5,2
2022,0,0,7,190000,2,2
2022,0,0,7,140000,2,2
2022,1,0,45,100000,2,2
2022,1,0,45,60000,2,2
2022,0,0,2,180000,2,0
2022,0,0,2,165000,2,0
2022,0,0,38,108000,2,0
2021,2,0,66,20000,12,2
2022,0,0,15,190000,2,2
2022,0,0,15,135000,2,2
2022,0,0,2,179400,2,2
2022,0,0,2,154000,2,2
2022,0,0,34,193900,2,2
2022,0,0,34,129300,2,2
2022,3,0,26,222640,2,2
2022,3,0,26,182160,2,2
2022,1,0,11,150000,2,2
2022,1,0,11,100000,2,2
2022,0,0,7,122500,2,2
2022,0,0,7,100000,2,2
2022,3,0,11,297500,2,2
2022,3,0,11,260000,2,2
2021,2,0,69,15000,27,0
2022,0,0,11,193000,2,2
2022,2,0,2,93000,2,2
2022,2,0,2,73000,2,2
2022,1,0,45,100000,2,2
2022,1,0,45,60000,2,2
2022,2,0,4,7799,24,0
2022,0,0,2,136994,2,2
2022,0,0,2,101570,2,2
2022,0,0,85,250000,2,2
2022,0,0,85,63000,2,2
2022,1,0,27,134000,2,2
2022,1,0,27,98000,2,2
2022,0,0,2,191475,2,2
2022,0,0,2,141525,2,2
2022,0,0,33,57786,12,0
2022,1,0,4,136000,2,2
2022,1,0,4,112000,2,2
2022,0,0,2,172000,2,2
2022,0,0,2,140000,2,2
2022,0,0,11,215000,2,2
2022,0,0,11,164000,2,2
2022,0,0,11,300000,2,2
2022,0,0,11,130000,2,2
2022,0,0,11,250000,2,2
2022,0,0,11,63000,2,2
2022,0,0,11,180000,2,2
2022,0,0,11,150000,2,2
2021,2,0,11,45390,5,0
2022,0,0,11,250000,2,2
2022,0,0,11,63000,2,2
2022,0,0,2,191475,2,2
2022,0,0,2,141525,2,2
2022,1,0,4,97500,2,0
2022,0,0,3,212800,2,2
2022,0,0,3,142800,2,2
2022,1,0,2,73546,9,0
2022,2,0,2,50000,4,2
2022,2,0,4,6359,7,0
2022,0,0,2,151800,2,2
2022,0,0,2,130240,2,2
2022,0,0,7,165000,2,2
2022,0,0,7,140250,2,2
2022,0,0,11,135000,2,2
2022,0,0,11,115000,2,2
2022,0,0,2,179400,2,2
2022,0,0,2,154000,2,2
2022,0,0,2,191475,2,2
2022,0,0,2,141525,2,2
2022,0,0,2,191475,2,2
2022,0,0,2,141525,2,2
2022,0,0,2,191475,2,2
2022,0,0,2,141525,2,2
2022,1,0,41,75000,2,2
2022,1,0,11,84053,34,2
2022,1,0,11,73546,34,2
2022,1,0,11,98506,5,2
2022,1,0,11,86193,5,2
2022,1,0,11,84053,1,2
2022,1,0,11,73546,1,2
2022,0,0,2,191475,2,2
2022,0,0,2,141525,2,2
2022,0,0,2,191475,2,2
2022,0,0,2,141525,2,2
2022,0,0,7,102663,5,2
2022,0,0,7,80041,5,2
2022,0,0,2,191475,2,2
2022,0,0,2,141525,2,2
2022,0,0,11,104611,5,2
2022,0,0,11,82280,5,2
2022,0,0,2,191475,2,2
2022,0,0,2,141525,2,2
2022,0,0,2,191475,2,2
2022,0,0,2,141525,2,2
2022,0,0,4,115000,2,0
2022,2,0,2,31520,1,2
2022,0,0,78,81000,2,2
2022,0,0,78,66000,2,2
2022,2,0,4,46000,2,0
2022,2,0,11,80000,2,0
2022,3,0,34,200000,2,1
2022,3,0,34,180000,2,1
2022,3,0,36,200000,2,1
2022,0,0,2,204100,2,2
2022,0,0,2,136100,2,2
2022,0,0,7,250000,2,2
2022,0,0,7,63000,2,2
2022,1,0,2,118208,5,2
2022,1,0,2,110820,5,2
2021,2,3,60,19073,55,0
2022,0,0,2,191475,2,2
2022,0,0,2,141525,2,2
2022,0,0,2,191475,2,2
2022,0,0,2,141525,2,2
2022,0,0,2,191475,2,2
2022,0,0,2,141525,2,2
2022,0,0,30,95000,2,2
2022,0,0,30,70000,2,2
2022,1,0,38,75000,2,2
2022,1,1,7,7500,56,2
2022,1,0,4,113000,2,0
2022,0,0,2,170000,2,2
2022,0,0,2,130000,2,2
2022,1,0,73,113000,2,0
2022,1,0,59,140000,2,2
2021,0,0,4,50000,57,1
2022,1,0,53,53368,20,2
2022,0,0,2,175000,2,2
2022,0,0,2,140000,2,2
2022,0,0,39,29944,25,1
2022,0,0,7,250000,2,2
2022,0,0,7,63000,2,2
2022,0,0,2,160000,2,0
2022,0,0,2,119300,2,0
2022,1,0,18,145000,2,0
2022,0,0,11,105000,2,2
2022,0,0,11,90000,2,2
2022,0,0,85,146200,2,2
2022,0,0,85,124270,2,2
2022,1,0,2,225000,2,2
2022,1,0,2,160000,2,2
2022,1,0,2,54634,9,1
2022,0,0,11,185800,3,2
2022,0,0,11,137400,3,2
2022,0,0,7,245000,2,2
2022,0,0,7,180000,2,2
2022,0,0,7,203500,2,2
2022,0,0,7,152000,2,2
2022,0,0,11,250000,2,2
2022,0,0,11,63000,2,2
2022,0,0,52,186000,2,2
2022,0,0,52,148800,2,2
2022,0,0,84,95386,7,0
2022,1,0,9,128058,5,0
2022,2,0,2,82000,2,0
2022,2,3,2,110000,12,2
2022,1,0,38,173000,2,2
2022,0,0,2,203500,2,2
2022,0,0,2,152000,2,2
2022,0,0,9,186000,2,2
2022,0,0,9,148800,2,2
2022,2,0,53,6270,24,0
2022,1,0,26,158000,2,2
2022,1,0,26,134000,2,2
2022,0,0,2,170000,2,2
2022,0,0,2,120000,2,2
2022,3,0,7,200000,2,2
2022,3,0,7,150000,2,2
2022,0,0,4,216200,2,2
2022,0,0,4,144100,2,2
2022,1,0,2,115573,9,2
2022,1,0,2,89306,9,2
2022,0,0,85,250000,2,2
2022,0,0,85,63000,2,2
2022,0,0,11,135000,2,2
2022,0,0,11,85000,2,2
2022,0,0,9,135000,2,2
2022,0,0,9,85000,2,2
2022,0,0,26,206000,2,2
2022,0,0,26,175100,2,2
2022,0,0,9,189650,2,2
2022,0,0,9,164996,2,2
2022,0,0,15,149040,2,2
2022,0,0,15,113900,2,2
2022,0,0,11,154000,2,2
2022,0,0,11,126000,2,2
2022,0,0,9,200000,2,0
2022,0,0,9,150000,2,0
2022,0,0,11,195700,2,2
2022,0,0,11,130500,2,2
2022,0,0,7,170000,2,2
2022,0,0,7,135000,2,2
2022,1,0,11,98506,5,2
2022,1,0,11,73880,5,2
2022,0,0,4,117000,2,2
2022,0,0,4,99450,2,2
2022,0,0,11,200000,54,2
2022,0,0,11,135000,54,2
2022,0,0,9,193900,2,2
2022,0,0,9,129300,2,2
2022,2,0,9,55410,5,1
2022,0,0,4,86193,5,2
2022,0,0,4,61566,5,2
2022,0,0,4,175000,2,2
2022,0,0,4,130000,2,2
2022,0,0,11,188100,2,2
2022,0,0,11,139860,2,2
2022,0,0,9,248700,2,2
2022,0,0,9,167100,2,2
2022,1,0,4,5723,7,1
2022,0,0,2,123400,2,2
2022,0,0,2,88100,2,2
2022,1,0,53,50432,4,1
2022,0,0,2,245000,2,2
2022,0,0,2,205000,2,2
2022,0,0,11,141300,2,2
2022,0,0,11,102100,2,2
2022,0,0,15,141300,2,2
2022,0,0,15,102100,2,2
2022,2,0,4,50000,43,0
2022,2,0,2,84053,58,0
2022,1,0,39,61566,5,1
2022,0,0,15,250000,2,2
2022,0,0,15,63000,2,2
2022,0,0,26,189500,2,0
2022,0,0,26,140100,2,0
2022,0,0,11,177600,2,0
2022,0,0,11,131300,2,0
2022,1,0,11,24000,2,2
2022,1,0,11,24000,2,2
2022,0,0,11,250000,2,2
2022,0,0,11,63000,2,2
2022,0,0,9,202900,2,0
2022,0,0,9,131300,2,0
2022,0,0,11,145000,2,2
2022,0,0,11,115000,2,2
2022,2,0,9,115000,2,0
2022,1,0,9,193900,2,2
2022,1,0,9,129300,2,2
2022,0,0,2,180000,2,0
2022,0,0,2,140000,2,0
2022,1,0,4,216200,2,2
2022,1,0,4,144100,2,2
2022,0,0,34,216000,2,2
2022,0,0,34,144000,2,2
2022,2,0,4,150000,2,0
2021,2,0,66,12171,7,2
2022,1,0,2,53416,59,0
2022,2,0,21,50000,50,2
2021,0,0,86,250000,2,0
2022,3,0,18,84053,9,0
2022,1,0,2,131752,5,2
2022,0,0,7,48000,2,1
2022,3,0,26,260500,2,2
2022,3,0,26,175100,2,2
2022,0,0,11,210000,2,2
2022,0,0,11,100000,2,2
2022,2,0,4,55000,2,1
2022,1,0,4,130000,2,2
2022,0,0,38,77119,5,0
2022,2,0,2,52008,58,1
2022,1,2,38,30523,7,1
2022,0,0,11,206699,2,2
2022,0,0,11,99100,2,2
2022,1,0,7,200000,2,2
2022,1,0,7,54000,2,2
2022,0,0,11,250000,2,2
2022,0,0,11,63000,2,2
2022,0,0,15,250000,2,2
2022,0,0,15,63000,2,2
2022,0,0,11,250000,2,2
2022,0,0,11,63000,2,2
2022,2,0,7,130000,2,0
2022,0,0,11,100000,2,0
2022,0,0,11,80000,2,0
2022,0,0,2,160000,2,0
2022,0,0,2,100000,2,0
2022,0,0,30,221300,2,0
2022,0,0,30,148700,2,0
2022,2,0,9,30000,5,0
2022,2,0,4,28368,12,2
2022,1,0,11,91118,5,2
2022,1,0,11,61566,5,2
2022,1,0,2,60938,4,1
2022,0,0,26,249260,2,2
2022,0,0,26,185400,2,2
2022,0,0,11,170000,2,2
2022,0,0,11,130000,2,2
2022,1,0,2,80036,5,2
2022,0,0,4,128875,2,2
2022,0,0,4,93700,2,2
2022,0,0,9,180000,2,2
2022,0,0,9,100000,2,2
2022,0,0,4,136260,2,2
2022,0,0,4,109280,2,2
2022,0,0,2,160000,2,0
2022,0,0,2,92000,2,0
2022,0,0,11,200000,2,2
2022,0,0,11,160000,2,2
2022,1,0,11,135446,5,2
2022,1,0,11,104663,5,2
2022,0,0,4,117000,2,2
2022,0,0,4,99450,2,2
2022,2,0,11,129000,2,0
2022,2,0,11,86000,2,0
2020,2,0,11,13493,7,0
2020,2,0,11,13493,7,0
2022,0,0,2,160000,2,0
2022,0,0,2,119300,2,0
2022,0,0,20,100000,2,0
2022,1,0,2,25000,53,2
2022,1,0,4,65257,19,2
2022,1,0,36,200000,2,2
2022,2,0,69,180000,2,0
2022,1,0,2,153000,2,0
2022,0,0,11,210000,2,2
2022,0,0,11,100000,2,2
2022,0,0,4,150075,2,2
2022,0,0,4,110925,2,2
2022,1,0,34,22800,60,2
2022,0,0,2,160000,2,0
2022,0,0,2,92000,2,0
2022,0,0,9,202900,2,0
2022,0,0,9,131300,2,0
2020,2,0,4,22809,25,2
2022,2,0,4,15000,59,0
2022,0,0,11,175000,2,2
2022,0,0,11,135000,2,2
2022,0,0,26,133766,20,0
2022,2,0,9,83000,2,0
2022,1,0,11,92350,5,2
2022,1,0,11,67723,5,2
2022,0,0,2,186000,2,2
2022,0,0,2,148800,2,2
2022,0,0,4,112900,2,2
2022,0,0,4,90320,2,2
2022,0,0,1,240000,2,2
2022,0,0,1,160000,2,2
2022,0,0,26,300000,2,2
2022,0,0,26,200000,2,2
2022,1,0,11,65666,4,1
2022,1,0,36,200000,2,0
2022,1,0,9,116976,5,2
2022,1,0,9,92350,5,2
2022,1,0,36,120000,2,2
2022,0,0,4,112900,2,2
2022,0,0,4,90320,2,2
2022,0,0,19,145000,2,2
2022,0,0,19,105400,2,2
2020,2,0,2,49268,4,1
2022,1,0,11,110820,5,2
2022,1,0,11,92350,5,2
2022,0,0,2,215300,2,0
2022,0,0,2,158200,2,0
2022,0,0,11,209100,2,0
2022,0,0,11,154600,2,0
2022,0,0,4,115934,2,2
2022,0,0,4,81666,2,2
2022,0,0,11,175000,2,2
2022,0,0,11,155000,2,2
2022,1,0,9,84053,4,2
2022,0,0,4,164000,2,2
2022,0,0,4,132000,2,2
2022,0,0,2,170000,2,2
2022,0,0,2,123000,2,2
2022,0,0,9,189650,2,2
2022,0,0,9,164996,2,2
2022,1,0,85,52533,34,2
2022,1,0,85,52533,34,2
2022,3,0,87,115222,3,1
2022,0,0,11,165400,2,2
2022,0,0,11,132320,2,2
2022,0,0,15,208775,2,2
2022,0,0,15,147800,2,2
2022,0,0,11,136994,2,2
2022,0,0,11,101570,2,2
2022,0,0,4,128875,2,2
2022,0,0,4,93700,2,2
2022,3,0,88,76309,7,0
2022,2,0,9,35093,5,0
2022,0,0,11,183600,2,0
2022,0,0,11,100800,2,0
2022,1,0,4,49253,5,2
2022,1,0,4,36940,5,2
2022,1,0,4,42026,1,2
2022,1,0,4,31520,1,2
2022,1,0,11,84053,1,2
2022,1,0,11,73546,1,2
2022,1,0,11,98506,5,2
2022,1,0,11,86193,5,2
2022,1,0,11,84053,34,2
2022,1,0,11,73546,34,2
2022,0,0,9,189650,2,2
2022,0,0,9,164996,2,2
2022,1,0,4,42026,34,2
2022,1,0,4,31520,34,2
2022,1,0,11,92350,5,2
2022,1,0,11,73880,5,2
2022,0,0,2,215300,2,0
2022,0,0,2,140400,2,0
2022,1,0,11,63040,1,2
2022,1,0,11,47280,1,2
2022,0,0,2,260000,2,2
2022,0,0,2,180000,2,2
2022,1,0,2,67723,5,2
2022,1,0,2,43096,5,2
2022,1,0,11,63040,34,2
2022,1,0,11,47280,34,2
2022,1,0,11,73880,5,2
2022,1,0,11,55410,5,2
2021,1,0,9,51064,39,0
2022,0,0,65,60000,23,0
2022,1,0,11,82900,2,2
2022,1,0,11,63900,2,2
2022,1,0,34,160000,2,0
2022,1,0,34,112300,2,0
2022,1,0,26,241000,2,2
2022,1,0,26,159000,2,2
2022,0,0,2,180000,2,2
2022,0,0,2,80000,2,2
2022,1,0,4,58000,2,1
2022,1,0,4,58000,2,1
2022,0,0,11,136000,2,2
2022,0,0,11,108800,2,2
2022,3,0,11,242000,2,2
2022,3,0,11,200000,2,2
2022,1,0,2,61566,5,2
2022,1,0,2,36940,5,2
2022,1,0,11,73880,5,2
2022,1,0,11,49253,5,2
2022,0,0,2,165220,2,2
2022,0,0,2,120160,2,2
2022,0,0,4,124190,2,2
2022,0,0,4,90320,2,2
2022,0,0,11,181940,2,2
2022,0,0,11,132320,2,2
2022,0,0,11,220110,2,2
2022,0,0,11,160080,2,2
2022,0,0,2,180000,2,0
2022,0,0,2,120000,2,0
2022,1,0,4,126500,2,2
2022,1,0,4,106260,2,2
2022,0,0,4,116000,2,2
2022,0,0,4,99000,2,2
2022,0,0,4,155000,2,2
2022,0,0,4,120600,2,2
2022,1,0,2,130000,2,2
2022,1,0,2,90000,2,2
2022,1,0,11,170000,2,2
2022,1,0,11,150000,2,2
2022,0,0,4,102100,2,2
2022,0,0,4,84900,2,2
2022,0,0,2,136620,2,2
2022,0,0,2,99360,2,2
2022,0,0,2,110820,5,2
2022,0,0,2,98506,5,2
2022,0,0,2,146000,2,2
2022,0,0,2,123000,2,2
2022,2,0,11,49253,5,2
2022,2,0,11,43096,5,2
2022,3,0,4,130000,2,2
2022,3,0,4,110000,2,2
2022,0,0,4,170000,2,2
2022,0,0,4,135000,2,2
2022,0,0,26,161342,2,2
2022,0,0,26,137141,2,2
2022,0,0,2,167000,2,2
2022,0,0,2,123000,2,2
2022,0,0,11,73880,5,2
2022,0,0,11,61566,5,2
2022,0,0,2,211500,2,2
2022,0,0,2,138600,2,2
2022,0,0,15,192400,3,2
2022,0,0,15,90700,3,2
2022,0,0,4,130000,3,2
2022,0,0,4,61300,3,2
2022,0,0,4,130000,3,2
2022,0,0,4,61300,3,2
2022,0,0,11,160000,2,0
2022,0,0,11,113000,2,0
2022,0,0,2,150000,2,2
2022,0,0,2,95550,2,2
2022,1,0,4,167000,2,2
2022,1,0,4,115500,2,2
2022,0,0,4,112900,2,2
2022,0,0,4,90320,2,2
2022,0,0,4,112900,2,2
2022,0,0,4,90320,2,2
2022,0,0,11,165400,2,2
2022,0,0,11,132320,2,2
2022,0,0,11,243900,2,2
2022,0,0,11,156600,2,2
2022,0,0,4,136600,2,2
2022,0,0,4,109280,2,2
2022,0,0,11,128875,2,2
2022,0,0,11,93700,2,2
2022,3,0,54,224000,2,2
2022,3,0,54,167875,2,2
2022,3,0,7,175000,2,2
2022,3,0,7,135000,2,2
2022,0,0,11,209100,2,0
2022,0,0,11,154600,2,0
2022,0,0,11,180000,2,2
2022,0,0,11,160000,2,2
2022,0,0,2,205300,2,0
2022,0,0,2,140400,2,0
2022,0,0,2,176000,2,2
2022,0,0,2,144000,2,2
2022,0,0,11,200100,2,2
2022,0,0,11,160000,2,2
2022,0,0,11,70500,2,2
2022,0,0,11,54000,2,2
2022,0,0,2,205300,2,2
2022,0,0,2,140400,2,2
2022,0,0,7,205300,2,2
2022,0,0,7,184700,2,2
2022,0,0,11,175100,2,2
2022,0,0,11,140250,2,2
2022,0,0,4,116150,2,2
2022,0,0,4,99050,2,2
2022,0,0,11,145000,2,2
2022,0,0,11,130000,2,2
2022,0,0,4,112900,2,2
2022,0,0,4,90320,2,2
2022,1,0,4,85000,3,2
2022,1,0,4,75000,3,2
2022,0,0,9,214000,2,2
2022,0,0,9,192600,2,2
2022,0,0,15,266400,2,2
2022,0,0,15,213120,2,2
2022,0,0,11,155000,2,2
2022,0,0,11,115000,2,2
2022,1,0,2,141300,2,2
2022,1,0,2,102100,2,2
2022,0,0,4,115934,2,2
2022,0,0,4,81666,2,2
2022,1,0,11,206699,2,2
2022,1,0,11,99100,2,2
2022,0,0,11,130000,2,2
2022,0,0,11,110500,2,2
2022,1,0,4,61566,5,2
2022,1,0,4,43096,5,2
2022,0,0,4,80000,2,2
2022,0,0,4,60000,2,2
2022,0,0,15,192564,2,2
2022,0,0,15,144854,2,2
2022,0,0,2,230000,2,2
2022,0,0,2,150000,2,2
2022,0,0,19,150260,2,2
2022,0,0,19,109280,2,2
2022,0,0,4,170000,2,2
2022,0,0,4,150000,2,2
2022,1,0,2,160000,2,2
2022,1,0,2,130000,2,2
2022,2,0,4,67000,3,2
2022,2,0,4,52000,3,2
2022,0,0,11,154000,2,2
2022,0,0,11,126000,2,2
2022,0,0,4,129000,2,2
2022,0,0,4,99000,2,2
2022,0,0,2,210000,2,2
2022,0,0,2,140000,2,2
2022,0,0,2,210000,2,2
2022,0,0,2,140000,2,2
2022,0,0,2,210000,2,2
2022,0,0,2,140000,2,2
2022,0,0,4,100000,2,2
2022,0,0,4,69000,2,2
2022,0,0,2,210000,2,2
2022,0,0,2,140000,2,2
2022,0,0,4,150075,2,2
2022,0,0,4,110925,2,2
2022,0,0,11,100000,2,2
2022,0,0,11,25000,2,2
2022,0,0,4,126500,2,2
2022,0,0,4,106260,2,2
2022,0,0,11,220110,2,2
2022,0,0,11,160080,2,2
2022,0,0,4,105000,2,2
2022,0,0,4,100000,2,2
2022,0,0,4,170000,2,2
2022,0,0,4,135000,2,2
2022,0,0,2,230000,2,2
2022,0,0,2,140000,2,2
2022,1,0,4,135000,2,2
2022,1,0,4,50000,2,2
2022,0,0,2,220000,2,2
2022,0,0,2,140000,2,2
2022,1,0,2,172386,5,2
2022,1,0,2,86193,5,2
2022,0,0,9,220000,2,2
2022,0,0,9,120000,2,2
2022,1,0,2,200000,2,2
2022,1,0,2,120000,2,2
2022,0,0,9,120000,61,1
2022,0,0,9,65000,61,1
2022,3,0,11,324000,2,2
2022,3,0,11,216000,2,2
2022,0,0,11,210000,2,2
2022,0,0,11,100000,2,2
2022,0,0,2,185100,2,2
2022,0,0,2,104890,2,2
2022,0,0,11,105000,2,2
2022,0,0,11,80000,2,2
2022,1,0,69,76814,3,2
2020,0,0,83,117104,3,0
2022,3,0,33,192037,3,0
2022,1,0,9,120000,2,1
2022,1,0,20,17805,7,2
2022,1,0,2,30523,7,0
2022,1,0,52,55685,25,0
2022,1,3,11,52533,4,0
2022,2,0,2,17805,7,2
2022,1,0,38,75000,2,0
2022,1,0,21,157000,2,0
2022,1,0,20,69133,3,0
2022,2,0,11,65000,2,1
2022,0,0,9,68293,15,1
2021,1,0,2,109000,2,0
2022,1,0,2,67597,3,2
2022,2,0,12,10000,62,2
2022,1,0,4,20000,34,1
2021,0,0,25,102839,22,0
2022,0,0,25,200000,2,2
2022,2,0,2,51081,3,0
2022,1,0,2,78000,2,2
2022,0,0,11,135000,2,2
2022,0,0,11,115000,2,2
2022,1,0,9,83864,20,0
2022,2,0,2,40000,63,0
2022,1,0,25,31520,30,1
2022,0,0,9,59888,9,0
2020,2,0,11,54742,4,0
2022,0,0,18,89306,12,0
2022,2,0,2,83171,20,2
2022,0,0,2,165000,2,2
2022,1,0,34,153000,2,2
2022,0,0,2,100000,2,2
2022,0,0,69,76814,3,2
2022,1,0,2,33609,41,0
2022,1,0,89,75000,3,1
2020,1,0,59,20000,64,1
2022,2,1,38,30469,52,2
2021,1,0,18,69999,52,0
2022,2,0,11,55475,4,2
2022,1,0,18,61989,50,0
2022,0,0,26,152500,2,2
2022,2,0,18,120000,2,0
2022,1,0,2,135000,2,0
2022,0,0,63,405000,2,0
2021,0,0,11,150000,2,0
2021,0,0,26,240000,2,0
2021,1,0,4,135000,2,0
2021,2,0,2,80000,2,2
2022,0,0,21,380000,2,0
2022,1,0,2,120402,10,0
2022,0,0,21,177000,2,0
2022,1,0,11,65141,12,2
2022,1,0,2,48000,2,1
2022,2,0,72,20000,38,2
2021,0,0,0,220000,2,0
2021,1,0,1,77364,65,1
2021,1,0,1,63711,65,1
2022,2,0,60,150000,20,1
2021,1,0,4,90000,2,2
2022,1,2,2,100000,2,2
2021,2,0,2,100000,2,1
2022,2,3,2,100000,66,2
2022,0,0,18,144000,2,0
2022,0,0,0,155499,4,2
2021,0,0,12,24000,24,2
2021,1,0,38,38400,2,2
2022,2,0,41,100000,2,0
2021,1,0,2,82500,2,1
2021,2,0,2,49646,12,2
2021,0,0,39,40570,7,0
2022,2,0,11,120000,2,2
2022,0,0,84,84053,4,2
2021,2,0,9,20000,7,1
2022,2,0,12,125000,2,2
2021,1,0,2,9466,7,1
2021,0,0,34,120000,2,1
2021,2,3,4,10354,1,2
2021,2,0,21,110037,5,0
2022,2,0,1,21013,25,0
2021,2,0,4,50000,2,2
2021,0,0,90,200000,2,2
2021,1,0,29,60000,37,2
2021,1,0,11,200000,2,0
2021,2,0,69,100000,67,1
2021,1,0,11,100000,2,0
2021,0,0,9,82744,58,2
2020,1,0,11,59303,4,1
2021,1,0,18,62649,12,2
2021,1,0,11,82528,5,0
2021,1,0,15,170000,2,0
2021,1,0,15,150000,2,0
2021,2,0,53,55000,2,1
2021,3,0,33,250000,2,0
2021,2,0,11,80000,2,0
2020,2,0,29,70000,2,0
2021,3,0,33,130026,4,2
2021,2,0,50,63831,4,0
2020,0,0,2,68428,2,0
2021,3,0,54,85000,26,2
2021,3,0,25,230000,26,0
2021,2,0,9,125000,2,1
2021,0,0,19,120000,2,2
2020,1,0,18,450000,2,2
2020,1,0,4,46759,12,0
2020,1,0,11,74130,50,0
2021,0,0,65,127221,3,0
2021,0,0,26,144000,2,0
2021,2,0,2,13400,14,0
2021,1,0,2,75774,3,0
2021,1,0,2,150000,2,2
2020,1,0,50,103000,2,0
2021,0,0,11,153000,2,0
2021,1,0,11,90000,2,0
2021,2,0,4,90000,2,1
2021,2,0,4,60000,2,1
2021,1,0,2,50000,6,0
2021,2,3,36,12000,2,2
2021,1,3,70,5409,7,2
2021,1,1,1,270000,2,0
2021,1,0,21,54238,3,0
2021,1,0,9,47282,1,1
2021,3,0,33,153667,41,0
2021,1,0,11,28476,41,0
2021,1,0,72,110000,2,0
2021,2,0,18,82528,5,0
2020,2,0,9,250000,2,0
2021,2,0,4,59102,12,2
2021,0,0,4,80000,2,1
2020,2,0,4,10000,6,1
2020,2,0,9,138000,2,1
2021,1,0,11,140000,2,0
2021,0,0,72,79197,4,0
2021,0,0,31,170000,2,0
2021,2,0,4,80000,2,2
2020,1,0,2,45760,2,1
2021,1,0,53,100000,2,2
2021,0,0,2,53192,12,0
2021,3,0,25,235000,2,0
2021,3,0,53,150000,2,0
2020,3,0,11,79833,1,0
2021,2,0,34,225000,2,0
2021,2,0,50,76833,4,1
2020,1,0,52,50180,25,2
2021,0,0,79,88654,55,0
2021,0,0,87,103160,5,1
2021,0,0,11,113476,5,2
2021,0,0,9,94564,4,0
2021,2,0,11,30428,7,0
2021,0,0,11,150000,2,2
2021,0,0,11,115000,2,1
2021,1,0,18,187442,3,0
2021,1,0,4,51519,5,0
2020,1,0,11,106000,2,0
2020,1,0,11,112872,5,0
2021,1,0,53,36259,2,0
2021,0,0,11,150000,2,0
2020,2,3,1,15966,4,1
2021,1,0,60,95746,2,1
2021,2,0,60,70000,2,2
2020,1,0,2,76958,5,1
2021,1,0,77,89294,19,0
2021,2,0,2,29751,7,0
2021,0,0,87,276000,2,0
2020,0,0,11,188000,2,0
2021,0,0,77,160000,2,1
2020,1,0,2,105000,2,0
2021,1,0,11,200000,2,0
2021,0,0,11,174000,2,0
2021,1,0,4,93000,2,0
2021,2,0,2,28399,7,2
2021,0,0,18,60757,25,0
2021,2,0,2,90000,2,1
2020,1,0,11,70139,12,0
2020,2,0,4,6072,7,1
2020,0,0,11,33511,23,1
2021,0,0,89,170000,2,2
2021,0,0,11,96282,5,0
2021,1,0,11,12103,53,2
2021,2,0,2,36643,12,0
2021,1,0,11,72212,5,0
2020,2,0,4,91000,2,0
2021,0,0,58,99703,3,2
2021,0,0,2,165000,2,0
2021,1,0,4,80000,2,0
2021,0,0,2,103691,3,0
2021,2,0,11,21637,7,2
2020,2,0,18,42000,9,0
2020,1,0,39,115000,61,0
2021,1,0,18,63810,3,2
2020,0,0,34,260000,65,1
2021,1,0,54,110000,2,1
2021,1,0,15,180000,2,0
2021,0,0,4,200000,2,0
2020,0,0,29,109024,5,2
2021,0,0,11,200000,2,0
2021,0,0,1,256000,2,1
2021,1,0,11,110000,2,0
2020,1,0,2,79833,4,0
2021,2,0,11,72500,2,0
2021,0,0,9,185000,2,0
2021,1,3,11,69741,9,0
2021,2,0,18,100000,68,0
2021,1,0,11,112000,2,0
2020,0,0,9,150000,2,0
2021,0,0,2,20171,53,0
2021,0,0,36,55000,1,0
2021,2,0,2,58000,2,0
2021,2,0,2,100000,2,2
2021,0,0,2,77684,12,2
2021,2,0,9,85000,4,1
2021,2,0,50,76833,4,0
2021,0,1,91,105000,2,2
2020,2,0,4,72000,2,0
2021,2,0,11,65013,4,2
2021,1,0,11,28016,53,2
2021,1,0,11,111775,2,2
2021,1,0,11,93150,2,2
2021,0,0,87,160000,2,1
2021,1,0,2,25532,4,1
2021,0,0,9,66265,7,0
2021,1,0,2,16904,7,1
2021,0,0,4,63831,4,0
2020,0,0,39,190000,2,1
2021,3,0,33,141846,4,0
2021,2,0,29,16228,7,0
2021,0,0,4,71786,3,2
2020,1,0,2,35735,49,0
2021,0,0,2,135000,2,0
2021,2,0,9,24823,4,2
2021,0,0,26,54094,2,0
2021,0,0,9,24342,7,0
2021,2,0,53,9272,33,1
2021,1,0,2,147000,2,0
2021,0,0,18,96113,3,0
2021,0,0,26,174000,2,0
2020,1,0,20,135000,2,0
2021,2,0,9,21844,18,2
2020,0,0,87,125000,69,1
2020,2,0,2,51321,12,1
2020,1,0,2,40481,7,0
2021,3,0,50,69741,1,1
2021,0,0,72,50000,5,2
2020,2,0,2,39916,12,2
2020,1,0,31,87000,2,0
2021,1,0,11,26005,2,0
2021,1,0,2,90734,4,0
2021,1,0,29,22611,7,0
2021,1,0,2,5679,2,1
2021,2,0,9,81000,2,1
2021,1,0,2,40038,70,0
2021,2,0,50,90000,2,1
2021,1,0,2,61467,50,2
2021,0,0,52,195000,2,2
2021,1,0,2,37825,1,0
2020,1,0,4,85000,2,0
2021,3,1,0,416000,2,1
2021,0,0,34,225000,3,0
2021,1,0,2,56256,5,0
2021,1,0,2,33808,7,2
2021,1,0,2,116914,5,0
2021,1,0,9,46597,41,0
2020,1,0,4,8000,38,0
2020,2,0,11,41689,65,1
2020,0,0,29,114047,5,1
2021,1,0,9,88654,58,2
2020,2,0,50,5707,7,2
2020,1,0,87,56000,2,2
2021,2,3,12,28609,55,1
2021,1,0,2,88654,4,0
2020,1,0,59,6072,7,0
2020,0,0,11,47899,34,0
2020,1,0,53,98000,2,2
2021,1,0,11,66022,5,1
2021,1,0,18,56738,12,1
2021,1,0,9,24823,22,0
2021,0,0,19,120000,2,0
2021,1,2,11,20000,2,0
2020,3,0,33,325000,2,0
2021,0,0,9,200000,2,0
2020,2,0,36,45896,55,1
2021,1,0,2,160000,2,0
2021,0,0,18,50000,2,1
2021,1,0,65,40189,34,2
2021,1,0,2,12901,24,1
2021,0,0,11,165000,2,2
2021,2,0,29,5882,10,0
2020,1,0,2,42197,12,1
2021,0,0,90,185000,2,0
2020,2,0,2,62726,4,1
2021,1,0,2,90734,4,0
2020,2,3,2,21669,39,1
2020,1,0,11,110000,2,0
2021,0,0,19,140000,2,0
2020,0,0,2,120000,2,0
2021,0,0,2,87738,3,1
2021,0,0,92,61896,5,0
2021,1,2,34,12000,38,2
2021,0,0,11,76833,5,1
2021,1,0,9,74000,65,1
2021,0,0,26,152000,12,0
2021,1,0,29,18000,71,1
2020,0,2,12,60000,2,1
2021,1,0,2,130000,2,0
2021,0,0,12,18907,24,2
2021,2,0,20,59102,62,0
2021,0,0,0,173762,4,2
2020,0,0,0,148261,4,2
2020,1,0,2,38776,1,2
2021,1,0,2,46809,1,2
2021,2,0,36,18053,45,1
2020,0,0,2,91237,50,1
2020,1,0,2,62726,62,1
2021,1,0,2,115000,2,0
2021,0,0,0,235000,2,0
2021,1,0,31,19609,7,0
2021,2,3,36,12000,2,1
2021,1,0,4,75000,2,0
2021,1,0,4,62000,2,0
2021,1,0,2,73000,2,0
2021,1,0,11,45391,9,0
2020,0,0,26,190200,2,2
2020,1,0,2,118000,2,2
2020,1,0,2,138350,2,2
2020,1,0,11,130800,2,2
2020,0,0,9,45618,28,1
2021,0,0,33,168000,65,1
2021,1,0,2,119059,16,2
2021,1,0,38,423000,2,0
2021,1,0,11,28369,72,0
2021,0,0,30,165000,2,0
2020,0,0,2,412000,2,0
2021,1,0,0,151000,2,0
2020,2,0,2,105000,2,1
2020,2,1,20,100000,2,0
2021,0,0,26,94665,7,0
